Open,High,Low,Close,Volume,SMA_10,SMA_50,RSI,MACD,Prev_Close,Trend
150.86,151.6,149.84,150.0,3261623.0,150.0,150.0,,0.0,150.0,UP
153.09,153.77,149.09,150.99,2176850.0,150.5,150.5,100.0,0.0792,150.0,DOWN
152.1,152.25,149.86,150.72,4283799.0,150.57,150.57,78.23,0.1184,150.99,UP
152.1,152.89,151.6,152.01,6209716.0,150.93,150.93,89.22,0.251,150.72,UP
154.09,155.37,152.2,155.06,4386932.0,151.76,151.76,95.07,0.5951,152.01,DOWN
155.64,157.53,154.03,154.59,932184.0,152.23,152.23,87.75,0.8205,155.06,DOWN
154.71,154.93,152.79,154.12,2836806.0,152.5,152.5,81.47,0.9504,154.59,UP
158.62,158.62,156.79,157.28,8017201.0,153.1,153.1,87.5,1.2933,154.12,UP
159.77,160.58,157.27,158.82,3408087.0,153.73,153.73,89.21,1.6696,157.28,DOWN
159.45,160.11,156.79,157.88,1158139.0,154.15,154.15,82.33,1.8706,158.82,UP
158.16,159.9,157.69,158.96,3470424.0,155.04,154.58,83.78,2.0932,157.88,DOWN
160.01,161.62,157.94,158.03,7092863.0,155.75,154.87,78.31,2.1699,158.96,DOWN
157.4,158.16,155.78,157.1,8734955.0,156.39,155.04,73.48,2.131,158.03,UP
160.7,161.47,156.3,157.59,7108687.0,156.94,155.22,74.31,2.1147,157.1,DOWN
152.73,154.7,151.33,153.76,4605513.0,156.81,155.13,59.67,1.7727,157.59,DOWN
152.91,153.74,149.73,150.31,6715241.0,156.38,154.83,48.44,1.2093,153.76,DOWN
149.48,149.68,148.15,149.19,4817293.0,155.89,154.49,46.63,0.6644,150.31,DOWN
146.18,147.42,144.66,147.16,3561481.0,154.88,154.09,39.66,0.0683,149.19,UP
147.06,149.79,144.23,147.79,6553912.0,153.78,153.76,32.73,-0.3493,147.16,DOWN
145.49,146.61,145.04,145.97,9188458.0,152.59,153.37,30.76,-0.8174,147.79,DOWN
143.78,145.02,142.6,143.15,6104065.0,151.01,152.88,27.84,-1.4002,145.97,UP
146.86,146.92,144.88,146.08,8929747.0,149.81,152.57,27.17,-1.607,143.15,DOWN
144.77,145.91,144.3,145.63,9660573.0,148.66,152.27,21.88,-1.7867,146.08,UP
145.73,147.12,145.31,145.76,803446.0,147.48,152.0,23.25,-1.8964,145.63,DOWN
146.13,147.44,141.76,142.91,3871484.0,146.39,151.63,17.12,-2.188,145.76,DOWN
144.42,147.44,139.95,141.82,1898558.0,145.55,151.26,17.01,-2.4784,142.91,UP
142.7,142.88,141.66,142.05,9874271.0,144.83,150.92,18.45,-2.66,141.82,DOWN
139.8,141.6,139.55,139.74,3261158.0,144.09,150.52,15.25,-2.9556,142.05,UP
140.68,141.91,140.05,140.5,2217479.0,143.36,150.17,20.65,-3.0935,139.74,DOWN
140.21,140.42,138.78,139.29,1545716.0,142.69,149.81,22.94,-3.2622,140.5,DOWN
137.18,139.2,137.14,138.71,4323873.0,142.25,149.45,23.56,-3.4037,139.29,DOWN
137.12,138.31,134.63,137.51,3461937.0,141.39,149.08,24.58,-3.5718,138.71,UP
138.71,142.19,138.05,141.21,4193793.0,140.95,148.84,35.1,-3.3672,137.51,DOWN
141.78,142.26,140.73,141.19,6615762.0,140.49,148.61,38.19,-3.1708,141.21,DOWN
140.04,,138.09,139.07,3053589.0,140.11,148.34,39.58,-3.1494,141.19,UP
139.99,141.78,139.93,140.72,6697649.0,140.0,148.13,35.33,-2.9656,139.07,DOWN
140.63,143.39,137.83,138.27,2198413.0,139.62,147.86,31.86,-2.9826,140.72,UP
136.85,139.08,136.51,138.69,637799.0,139.52,147.62,32.8,-2.9286,138.27,DOWN
132.58,135.28,132.4,134.77,5460124.0,138.94,147.29,31.17,-3.1655,138.69,DOWN
132.45,132.48,131.15,132.12,9070397.0,138.23,146.91,29.07,-3.527,134.77,UP
134.08,135.85,132.3,132.51,4317780.0,137.61,146.56,29.59,-3.7386,132.12,UP
136.51,137.21,133.38,133.99,8395945.0,137.25,146.26,37.22,-3.744,132.51,UP
133.64,134.74,133.48,134.33,8651382.0,136.56,145.98,36.07,-3.6782,133.99,DOWN
135.72,136.24,133.51,134.1,4670163.0,135.86,145.71,37.72,-3.6031,134.33,DOWN
133.44,133.65,133.21,133.5,5128656.0,135.3,145.44,37.69,-3.5513,134.1,DOWN
130.28,131.36,129.56,130.54,6644138.0,134.28,145.12,34.8,-3.7062,133.5,DOWN
130.42,131.55,127.05,129.1,6382049.0,133.36,144.78,20.69,-3.9001,130.54,DOWN
129.16,129.16,127.02,128.18,6188505.0,132.31,144.43,19.83,-4.0811,129.1,UP
127.93,130.3,127.59,130.29,9690617.0,131.86,144.14,29.64,-4.0077,128.18,UP
133.19,133.52,130.55,130.98,8187331.0,131.75,143.88,26.37,-3.8497,130.29,DOWN
129.52,129.68,126.26,127.45,4806080.0,131.24,143.43,25.05,-3.9634,130.98,UP
127.16,128.93,125.79,128.1,7573575.0,130.66,142.97,25.84,-3.9555,127.45,DOWN
127.92,128.79,126.62,127.33,7305080.0,129.96,142.5,30.18,-3.9657,128.1,DOWN
126.72,127.38,125.69,125.98,712803.0,129.14,141.98,32.43,-4.0366,127.33,UP
127.59,127.89,126.42,127.2,2755913.0,128.51,141.43,35.49,-3.9484,125.98,UP
128.44,130.61,126.7,129.26,8506546.0,128.39,140.92,37.49,-3.6699,127.2,UP
130.12,131.94,129.26,131.12,7289329.0,128.59,140.46,42.15,-3.2613,129.26,DOWN
129.41,129.92,128.85,129.45,4715645.0,128.72,139.9,39.35,-3.0379,131.12,DOWN
130.59,131.46,128.62,128.83,7151154.0,128.57,139.3,39.33,-2.8776,129.45,UP
130.31,130.57,128.29,129.49,3370581.0,128.42,138.74,47.32,-2.6663,128.83,UP
130.89,131.64,130.49,131.44,8189935.0,128.82,138.18,55.83,-2.3148,129.49,DOWN
131.64,132.49,130.17,130.48,7515232.0,129.06,137.63,55.73,-2.0894,131.44,DOWN
125.84,130.25,125.51,130.11,8620459.0,129.34,137.09,49.51,-1.9187,130.48,DOWN
129.62,130.01,127.81,127.9,5514049.0,129.53,136.5,42.26,-1.9395,130.11,DOWN
122.9,125.61,122.37,125.51,7100500.0,129.36,135.94,44.82,-2.1246,127.9,UP
126.59,127.4,125.07,127.13,578840.0,129.15,135.47,47.55,-2.1158,125.51,UP
128.16,130.43,127.84,129.84,5908647.0,129.02,135.08,55.8,-1.8684,127.13,DOWN
127.76,132.14,126.0,129.7,661297.0,129.04,134.74,59.09,-1.6647,129.84,UP
133.45,133.58,131.69,131.71,2431375.0,129.33,134.41,60.6,-1.3261,129.7,UP
131.73,133.85,131.5,132.43,4743460.0,129.63,134.14,57.95,-0.988,131.71,DOWN
131.66,132.59,130.45,131.14,2805433.0,129.6,133.9,50.04,-0.8148,132.43,UP
131.79,132.83,130.52,131.86,6426069.0,129.73,133.62,56.57,-0.6121,131.14,UP
135.65,136.89,133.24,134.94,4720242.0,130.22,133.4,64.66,-0.2009,131.86,DOWN
134.98,135.07,134.67,134.87,7239202.0,130.91,133.19,63.27,0.1178,134.94,UP
136.07,138.19,134.44,138.0,2587001.0,132.16,133.09,65.29,0.6157,134.87,DOWN
134.25,134.87,132.02,132.76,3181722.0,132.72,132.91,54.42,0.5809,138.0,UP
133.66,134.72,131.84,134.4,3955673.0,133.18,132.75,57.95,0.6781,132.76,UP
132.24,135.19,131.47,134.58,8105502.0,133.67,132.65,63.38,0.7605,134.4,DOWN
133.34,135.18,132.78,133.98,8761195.0,133.89,132.52,68.29,0.7686,134.58,UP
136.41,136.55,133.93,134.16,2231530.0,134.07,132.42,66.18,0.7809,133.98,DOWN
131.46,131.91,129.94,130.19,5858699.0,133.97,132.25,50.74,0.4645,134.16,DOWN
129.22,129.75,128.02,129.75,7273329.0,133.76,132.09,50.1,0.1762,130.19,UP
129.94,131.06,129.8,130.46,9030508.0,133.31,131.88,47.16,0.0054,129.75,UP
132.93,134.86,130.97,133.42,6052612.0,133.17,131.72,52.04,0.1072,130.46,DOWN
135.49,137.79,131.26,132.38,7589109.0,132.61,131.59,52.59,0.1031,133.42,DOWN
131.34,131.89,130.58,130.76,7329313.0,132.41,131.39,47.79,-0.0302,132.38,DOWN
130.4,131.62,129.45,129.76,6712695.0,131.94,131.22,38.63,-0.2144,130.76,UP
133.14,133.64,131.53,131.59,9557483.0,131.64,131.08,43.32,-0.2103,129.76,UP
132.61,132.75,131.03,132.25,5290287.0,131.47,131.03,36.97,-0.1522,131.59,DOWN
130.8,131.64,128.85,131.19,753078.0,131.17,131.01,45.61,-0.1894,132.25,UP
131.92,133.67,131.78,132.21,868893.0,131.38,131.0,43.67,-0.1346,131.19,UP
132.3,132.74,130.48,132.41,3601883.0,131.64,130.97,43.74,-0.0746,132.21,UP
134.29,134.65,133.53,134.35,5898856.0,132.03,130.97,50.99,0.1278,132.41,DOWN
134.03,134.66,132.85,132.94,1215295.0,131.98,130.95,46.93,0.173,134.35,DOWN
132.36,133.5,131.87,132.29,2378798.0,131.97,130.92,56.35,0.154,132.94,DOWN
132.6,133.64,130.64,131.5,4500740.0,132.05,130.94,55.2,0.0749,132.29,DOWN
128.45,128.65,127.17,128.58,9881260.0,131.93,130.93,45.06,-0.2214,131.5,UP
129.29,129.96,128.13,129.17,1554212.0,131.69,130.95,37.3,-0.4038,128.58,UP
126.69,130.76,126.11,129.69,2858730.0,131.43,130.94,41.7,-0.5005,129.17,UP
131.07,132.63,129.57,129.7,3985001.0,131.28,130.91,46.36,-0.5697,129.69,DOWN
129.75,130.57,128.65,129.23,2580563.0,130.98,130.95,48.12,-0.6549,129.7,DOWN
127.9,128.27,125.69,126.4,9172424.0,130.38,130.92,32.78,-0.9399,129.23,DOWN
121.21,126.46,120.36,125.56,5215697.0,129.51,130.88,,-1.2197,126.4,DOWN
128.01,128.88,123.22,124.87,5743534.0,128.7,130.86,28.78,-1.4796,125.56,DOWN
123.06,124.39,121.99,123.27,8169510.0,127.8,130.78,21.06,-1.7944,124.87,DOWN
124.61,125.8,122.22,122.95,625851.0,126.94,130.65,19.64,-2.0464,123.27,UP
122.19,125.4,121.83,123.75,3150527.0,126.46,130.51,13.37,-2.156,122.95,UP
128.45,129.35,126.23,127.53,5361282.0,126.29,130.47,33.91,-1.9163,123.75,UP
126.3,128.51,125.72,127.88,1294878.0,126.11,130.45,36.65,-1.6789,127.53,UP
127.46,128.72,127.0,128.39,2553262.0,125.98,130.43,40.43,-1.4326,127.88,DOWN
131.11,131.72,126.37,128.24,2437135.0,125.88,130.36,48.76,-1.2352,128.39,DOWN
124.12,124.95,122.96,124.4,8686565.0,125.68,130.24,35.75,-1.3727,128.24,DOWN
124.68,124.84,124.07,124.35,6949728.0,125.56,130.13,33.57,-1.4689,124.4,UP
125.78,125.82,124.17,124.47,9114787.0,125.52,130.06,34.02,-1.518,124.35,UP
130.14,131.14,128.19,129.4,2572171.0,126.14,130.14,50.4,-1.1461,124.47,DOWN
129.24,129.98,128.62,129.01,5960388.0,126.74,130.17,57.11,-0.8724,129.4,UP
130.16,130.68,129.37,129.62,8881660.0,127.33,130.17,61.19,-0.5999,129.01,DOWN
133.15,133.38,129.35,129.55,5044340.0,127.53,130.17,63.34,-0.3851,129.62,DOWN
127.12,128.2,126.37,127.21,6612240.0,127.46,130.08,60.8,-0.3989,129.55,UP
129.8,132.36,128.45,129.5,1700346.0,127.58,130.02,66.2,-0.2228,127.21,UP
132.58,132.77,129.34,131.0,9373895.0,127.85,130.01,67.33,0.0377,129.5,UP
134.24,136.65,132.1,132.58,6714294.0,128.67,130.03,63.5,0.3675,131.0,DOWN
132.54,133.33,130.15,130.76,2260399.0,129.31,129.94,57.15,0.4767,132.58,UP
134.53,134.55,133.08,133.57,9184509.0,130.22,129.92,61.52,0.7806,130.76,DOWN
129.05,131.03,128.69,130.76,6636062.0,130.36,129.77,55.02,0.7861,133.57,UP
134.39,134.41,131.8,131.94,6847572.0,130.65,129.76,66.77,0.8751,130.76,UP
134.6,136.87,133.86,136.32,6935689.0,131.32,129.8,72.33,1.2843,131.94,DOWN
134.79,135.97,132.43,134.34,4643403.0,131.8,129.79,67.21,1.4323,136.32,DOWN
132.07,134.32,130.76,133.21,2703531.0,132.4,129.78,57.66,1.4415,134.34,UP
133.31,134.12,133.24,133.4,1569412.0,132.79,129.76,58.9,1.4483,133.21,DOWN
132.89,133.61,131.99,132.4,4915743.0,132.93,129.8,55.54,1.3567,133.4,DOWN
129.78,130.22,129.21,129.3,3803131.0,132.6,129.8,49.55,1.0221,132.4,UP
130.07,130.09,129.4,129.43,6766376.0,132.47,129.78,54.29,0.7592,129.3,DOWN
129.73,130.4,125.58,127.31,3453028.0,131.84,129.65,45.75,0.3751,129.43,UP
128.94,129.53,126.76,128.26,7990291.0,131.59,129.57,44.56,0.1455,127.31,DOWN
126.05,126.77,126.01,126.42,5885909.0,131.04,129.48,37.89,-0.1827,128.26,UP
130.96,131.54,129.07,129.52,897595.0,130.36,129.48,47.67,-0.1906,126.42,DOWN
129.74,129.84,127.0,127.95,6688343.0,129.72,129.41,38.98,-0.3195,129.52,DOWN
125.47,128.86,124.44,127.31,4293092.0,129.13,129.31,42.59,-0.4682,127.95,UP
129.83,131.07,128.46,128.93,2231041.0,128.68,129.26,43.68,-0.4496,127.31,DOWN
127.52,128.99,126.2,126.47,8234125.0,128.09,129.15,27.49,-0.6263,128.93,UP
126.48,127.09,125.63,126.93,6613100.0,127.85,129.04,31.78,-0.7213,126.47,UP
131.6,131.66,127.41,129.54,4090511.0,127.86,128.94,41.6,-0.579,126.93,DOWN
126.1,126.5,126.0,126.33,2917209.0,127.76,128.81,35.75,-0.7174,129.54,UP
126.88,127.13,126.09,126.7,1026925.0,127.61,128.7,38.22,-0.7881,126.33,UP
126.96,127.44,126.52,127.22,7257450.0,127.69,128.61,45.19,-0.7931,126.7,UP
128.8,130.29,128.31,128.78,3425609.0,127.61,128.62,48.58,-0.6633,127.22,DOWN
124.66,127.91,123.95,126.31,9645155.0,127.45,128.56,47.85,-0.7513,128.78,DOWN
121.5,124.49,120.79,123.66,1106752.0,127.09,128.44,40.85,-1.0224,126.31,UP
127.1,127.2,124.6,124.71,1839462.0,126.66,128.34,46.48,-1.1399,123.66,UP
124.03,126.95,123.13,125.3,7327575.0,126.55,128.26,40.33,-1.1715,124.71,UP
124.32,125.98,123.47,125.8,8187268.0,126.43,128.25,44.82,-1.143,125.3,UP
123.27,128.16,122.9,126.5,6617682.0,126.13,128.27,48.05,-1.0524,125.8,DOWN
124.18,125.16,121.27,125.14,7704425.0,126.01,128.27,40.74,-1.0779,126.5,UP
123.62,125.83,123.24,125.6,5658570.0,125.9,128.32,47.65,-1.0485,125.14,UP
128.65,129.91,125.15,126.19,5323416.0,125.8,128.38,48.01,-0.9668,125.6,DOWN
126.27,126.89,123.13,124.76,5710766.0,125.4,128.4,36.3,-1.0057,126.19,UP
127.46,128.86,126.22,128.49,1637317.0,125.61,128.42,56.02,-0.7271,124.76,UP
132.82,133.13,129.33,129.44,7858862.0,126.19,128.45,57.39,-0.4249,128.49,DOWN
128.53,129.81,125.73,127.05,6060068.0,126.43,128.43,49.61,-0.3734,129.44,UP
127.88,128.93,127.57,128.37,3457532.0,126.73,128.43,48.98,-0.224,127.05,DOWN
122.67,127.53,122.06,126.42,2666354.0,126.79,128.47,50.29,-0.2599,128.37,UP
131.43,131.68,127.54,127.99,799189.0,126.94,128.54,61.65,-0.1595,126.42,UP
128.23,130.81,127.77,130.31,7008850.0,127.46,128.66,64.11,0.1058,127.99,DOWN
126.2,129.81,125.51,128.67,2059049.0,127.77,128.64,58.06,0.1815,130.31,UP
132.13,133.71,129.44,130.59,6636821.0,128.21,128.68,60.74,0.3925,128.67,UP
135.08,136.1,129.67,131.42,2874494.0,128.88,128.71,60.97,0.6192,130.59,UP
135.14,135.95,132.67,133.06,9744561.0,129.33,128.78,67.44,0.9209,131.42,UP
137.7,138.96,136.7,136.86,1004655.0,130.07,128.98,71.6,1.4494,133.06,DOWN
137.26,137.49,136.27,136.37,736824.0,131.01,129.11,69.6,1.8078,136.86,DOWN
136.14,136.61,134.44,134.86,9956587.0,131.66,129.19,69.39,1.9477,136.37,DOWN
134.22,135.21,132.14,133.08,3649409.0,132.32,129.2,59.53,1.8932,134.86,DOWN
131.87,131.95,130.84,131.45,5048003.0,132.67,129.21,54.06,1.6988,133.08,DOWN
131.45,131.77,129.98,131.29,4525282.0,132.77,129.17,59.4,1.5148,131.45,UP
131.88,132.13,131.11,131.98,4666289.0,133.1,129.19,58.24,1.4079,131.29,UP
131.4,133.37,130.4,132.53,593246.0,133.29,129.2,64.89,1.3521,131.98,UP
133.76,136.27,133.01,134.19,5838744.0,133.57,129.16,65.03,1.4251,132.53,UP
131.67,135.82,130.2,134.21,9097494.0,133.68,129.16,60.65,1.468,134.19,UP
136.97,137.3,136.47,137.12,2867713.0,133.71,129.24,71.58,1.7168,134.21,DOWN
135.11,138.61,134.13,136.59,4563068.0,133.73,129.3,66.49,1.85,137.12,UP
140.37,142.04,139.86,142.03,2784798.0,134.45,129.49,73.27,2.3672,136.59,UP
143.55,143.74,142.3,143.28,2032337.0,135.47,129.77,72.8,2.8453,142.03,DOWN
143.65,144.01,141.04,141.57,1283566.0,136.48,130.02,61.58,3.0507,143.28,DOWN
140.8,140.98,138.32,139.42,8096713.0,137.29,130.26,56.96,3.006,141.57,UP
138.03,141.76,137.7,140.39,1279105.0,138.13,130.5,62.9,3.0137,139.42,DOWN
138.46,142.15,137.68,139.94,7597065.0,138.87,130.77,67.07,2.9497,140.39,UP
142.78,144.31,140.04,141.37,9805600.0,139.59,131.01,74.93,2.9799,139.94,UP
140.84,143.74,139.65,142.32,720326.0,140.4,131.3,76.64,3.0451,141.37,DOWN
141.83,142.44,140.94,142.17,5013552.0,140.91,131.59,75.3,3.0499,142.32,DOWN
141.3,141.73,139.58,140.48,7137935.0,141.3,131.82,68.66,2.8837,142.17,DOWN
136.0,138.04,134.17,137.45,4022810.0,140.84,132.04,57.2,2.479,140.48,DOWN
136.71,138.31,136.15,136.55,5980354.0,140.17,132.24,54.98,2.0625,137.45,UP
136.27,138.73,135.55,138.27,7075273.0,139.84,132.41,52.57,1.8492,136.55,UP
137.79,140.72,135.51,138.7,9789461.0,139.76,132.66,54.74,1.6952,138.27,DOWN
136.68,138.05,135.59,136.2,4947321.0,139.34,132.85,34.9,1.3565,138.7,UP
134.16,136.74,132.63,136.55,1151824.0,139.01,133.04,31.7,1.1033,136.2,UP
137.98,138.64,135.44,137.32,3406405.0,138.6,133.21,37.83,0.9538,136.55,DOWN
135.52,135.98,134.81,135.55,6366645.0,137.92,133.39,38.66,0.6848,137.32,UP
136.69,136.71,133.98,135.86,8569552.0,137.29,133.64,36.2,0.4908,135.55,UP
136.31,136.95,135.61,135.98,5069146.0,136.84,133.86,37.67,0.3425,135.86,DOWN
135.74,136.23,133.25,133.69,2970856.0,136.47,134.03,27.33,0.04,135.98,UP
134.6,136.4,134.22,134.41,3639782.0,136.25,134.2,26.32,-0.1403,133.69,UP
134.88,135.72,134.46,135.53,2150224.0,135.98,134.38,31.22,-0.1906,134.41,UP
137.88,138.6,137.47,137.69,1848055.0,135.88,134.63,42.34,-0.0549,135.53,UP
140.62,141.91,138.52,139.8,9744391.0,136.24,134.92,56.83,0.2201,137.69,DOWN
137.12,138.08,136.09,137.05,5595670.0,136.29,135.13,51.29,0.2132,139.8,DOWN
135.23,135.7,134.49,135.17,2730653.0,136.07,135.34,41.96,0.0558,137.05,UP
135.15,137.69,134.38,136.2,1084942.0,136.14,135.5,43.72,0.014,135.17,UP
136.23,137.58,135.4,137.23,5063870.0,136.28,135.65,52.79,0.0631,136.2,UP
136.16,138.57,135.25,138.26,1920654.0,136.5,135.88,54.48,0.1829,137.23,UP
148.59,148.59,145.51,145.96,9612111.0,137.73,136.23,66.61,0.8895,138.26,UP
145.24,148.36,144.06,147.11,8855425.0,139.0,136.64,72.75,1.524,145.96,UP
148.34,149.98,147.16,149.38,6369494.0,140.39,137.07,74.71,2.1849,147.11,UP
150.21,152.17,148.54,151.29,9237456.0,141.74,137.49,76.26,2.83,149.38,UP
153.93,154.38,151.07,152.59,1981177.0,143.02,137.97,83.55,3.4071,151.29,DOWN
151.52,152.43,150.78,151.96,666991.0,144.51,138.39,81.26,3.7701,152.59,UP
155.35,155.61,151.69,153.48,4791256.0,146.34,138.84,81.52,4.1327,151.96,DOWN
150.92,152.37,149.26,151.93,4492942.0,147.92,139.21,75.56,4.2463,153.48,DOWN
151.87,151.94,150.93,151.46,5160110.0,149.34,139.5,72.23,4.2492,151.93,DOWN
149.23,152.59,148.5,150.49,9764666.0,150.56,139.79,77.5,4.1256,151.46,UP
153.87,154.11,149.93,150.65,6414063.0,151.03,140.1,84.06,3.9948,150.49,UP
153.5,155.64,152.45,155.28,8991485.0,151.85,140.55,86.24,4.2161,150.65,DOWN
152.01,152.66,150.79,151.54,8498883.0,152.07,140.95,74.66,4.0435,155.28,UP
153.87,154.61,151.55,152.92,8461813.0,152.23,141.38,74.96,3.9717,151.54,DOWN
150.31,150.49,149.0,149.69,7462544.0,151.94,141.74,57.49,3.6129,152.92,DOWN
148.47,149.4,148.19,148.75,5618805.0,151.62,142.06,53.32,3.2153,149.69,UP
150.73,152.25,149.74,150.93,2045329.0,151.36,142.39,53.15,3.0409,148.75,UP
151.12,152.54,150.21,151.05,3572753.0,151.27,142.73,49.49,2.8798,150.93,DOWN
148.68,149.5,147.43,148.9,891670.0,151.02,142.97,42.21,2.5489,151.05,DOWN
148.91,150.78,146.69,147.47,5126043.0,150.72,143.18,40.83,2.1464,148.9,UP
152.14,153.15,148.79,148.83,8127339.0,150.54,143.32,40.44,1.9151,147.47,DOWN
146.53,148.05,146.11,147.37,1850339.0,149.74,143.4,40.58,1.5955,148.83,UP
145.74,148.59,143.72,147.8,4234942.0,149.37,143.53,42.44,1.3614,147.37,UP
147.76,149.86,146.69,147.89,8929241.0,148.87,143.7,44.43,1.1698,147.8,DOWN
150.46,151.35,144.68,146.59,9940501.0,148.56,143.82,41.69,0.9024,147.89,UP
149.67,152.09,148.39,150.88,4350404.0,148.77,144.04,40.87,1.0246,146.59,UP
154.6,155.33,151.95,152.14,8292590.0,148.89,144.25,51.38,1.2099,150.88,DOWN
150.61,150.62,147.09,148.09,3321105.0,148.59,144.37,40.08,1.0181,152.14,UP
147.64,149.42,146.38,148.47,1426109.0,148.55,144.5,47.14,0.886,148.09,DOWN
148.0,148.4,146.96,147.14,8159564.0,148.52,144.63,46.32,0.6669,148.47,UP
151.29,151.98,147.91,148.85,5955249.0,148.52,144.86,45.14,0.6236,147.14,DOWN
146.69,147.37,146.68,147.26,1208669.0,148.51,145.07,41.69,0.4561,148.85,DOWN
146.73,147.62,143.86,147.03,6818499.0,148.43,145.25,45.54,0.3014,147.26,UP
147.17,150.02,145.5,148.04,4727939.0,148.45,145.43,51.4,0.2573,147.03,UP
148.25,151.34,147.19,149.77,2807539.0,148.77,145.7,52.27,0.3579,148.04,DOWN
146.4,148.99,146.23,147.37,3096882.0,148.42,145.92,50.02,0.2412,149.77,DOWN
144.87,146.81,144.1,146.7,9895499.0,147.87,146.11,47.51,0.0936,147.37,DOWN
145.81,146.7,145.31,145.75,4447526.0,147.64,146.31,45.33,-0.0988,146.7,DOWN
143.29,145.78,142.56,144.45,7933976.0,147.24,146.48,45.33,,145.75,UP
148.33,148.52,147.75,147.98,9616075.0,147.32,146.72,43.46,-0.2659,144.45,UP
146.45,149.71,144.6,148.79,5150100.0,147.32,147.03,42.26,-0.1303,147.98,DOWN
146.76,146.89,145.66,146.27,3498851.0,147.22,147.26,45.47,-0.2237,148.79,UP
149.35,150.86,147.8,148.1,4161306.0,147.32,147.52,49.16,-0.1479,146.27,UP
149.36,153.8,148.72,152.35,1497057.0,147.75,147.81,60.61,0.2517,148.1,UP
154.97,154.98,153.35,154.41,4174153.0,148.22,148.1,61.18,0.7267,152.35,DOWN
153.21,154.47,151.01,151.37,5248584.0,148.62,148.39,57.8,0.8481,154.41,DOWN
148.59,150.77,148.44,150.4,7803398.0,148.99,148.69,56.23,0.8563,151.37,UP
155.45,156.33,152.06,152.94,2712292.0,149.71,149.03,58.56,1.0551,150.4,DOWN
152.15,152.57,150.81,151.52,4870297.0,150.41,149.31,53.09,1.086,152.94,UP
151.35,155.01,150.17,152.41,4118313.0,150.86,149.6,59.41,1.1686,151.52,UP
153.88,154.16,152.44,153.96,1884410.0,151.37,149.76,63.12,1.3436,152.41,DOWN
152.94,153.38,151.87,152.11,9174708.0,151.96,149.86,61.12,1.3174,153.96,DOWN
152.1,152.51,151.94,151.99,7830395.0,152.35,149.91,63.77,1.2725,152.11,DOWN
146.31,147.55,144.6,145.5,2548880.0,151.66,149.79,45.92,0.7056,151.99,DOWN
142.07,144.53,140.9,143.46,2969606.0,150.57,149.61,41.55,0.09,145.5,DOWN
143.2,143.88,142.29,142.95,3539316.0,149.72,149.43,44.39,-0.4336,143.46,DOWN
138.33,141.65,136.39,140.46,1545533.0,148.73,149.17,37.34,-1.038,142.95,UP
143.55,145.5,142.67,143.72,1785844.0,147.81,149.0,35.24,-1.2392,140.46,DOWN
139.5,141.18,139.13,140.86,5173584.0,146.74,148.79,27.43,-1.6109,143.72,DOWN
138.88,140.48,138.64,139.98,1287600.0,145.5,148.58,29.56,-1.954,140.86,UP
142.1,142.18,139.59,140.24,5001572.0,144.13,148.37,31.29,-2.1797,139.98,UP
144.76,145.11,142.91,143.12,7461848.0,143.23,148.13,32.16,-2.1017,140.24,DOWN
141.17,141.65,139.38,140.25,6057821.0,142.05,147.91,30.54,-2.2458,143.12,UP
140.94,143.25,140.06,142.58,1985619.0,141.76,147.7,33.83,-2.1474,140.25,UP
142.12,142.63,141.4,142.6,2338524.0,141.68,147.56,30.33,-2.0443,142.58,DOWN
142.46,143.54,139.72,140.64,622026.0,141.44,147.39,30.21,-2.0968,142.6,UP
141.77,142.86,140.2,141.56,5622194.0,141.55,147.21,32.5,-2.0403,140.64,UP
145.44,146.12,140.79,141.96,1235053.0,141.38,147.03,42.52,-1.941,141.56,DOWN
141.35,142.5,140.62,140.76,1062167.0,141.37,146.86,44.1,-1.9369,141.96,UP
141.19,141.85,140.82,140.9,9200349.0,141.46,146.73,45.43,-1.9004,140.76,DOWN
139.66,140.59,139.11,140.13,2158800.0,141.45,146.56,49.21,-1.9117,140.9,UP
140.55,142.28,139.49,140.35,2307737.0,141.17,146.42,40.5,-1.8806,140.13,UP
141.45,142.36,141.42,141.68,4251531.0,141.31,146.29,52.53,-1.7292,140.35,UP
145.91,147.11,142.7,144.85,8419710.0,141.54,146.23,63.18,-1.3378,141.68,DOWN
143.81,144.79,141.5,142.37,3531301.0,141.52,146.15,55.15,-1.2134,144.85,UP
145.46,147.1,143.9,146.64,644454.0,142.12,146.06,57.96,-0.7618,142.37,DOWN
140.74,143.2,139.24,142.74,8181556.0,142.24,145.88,55.37,-0.7108,146.64,DOWN
139.68,143.22,139.35,142.43,754043.0,142.28,145.76,49.65,-0.6869,142.74,UP
144.37,144.62,143.4,143.61,5337502.0,142.57,145.67,52.27,-0.5665,142.43,UP
142.52,144.77,141.89,144.17,5314647.0,142.9,145.61,58.48,-0.4209,143.61,DOWN
139.7,144.35,139.41,142.93,6131213.0,143.18,145.49,53.23,-0.4013,144.17,DOWN
143.09,144.83,141.09,142.51,5424374.0,143.39,145.39,51.3,-0.4147,142.93,DOWN
145.26,146.24,139.04,141.52,2345733.0,143.38,145.28,51.83,-0.499,142.51,DOWN
140.34,140.43,139.06,140.34,6300629.0,142.93,145.13,,-0.6535,141.52,UP
143.3,144.11,141.71,142.04,8405435.0,142.89,144.97,54.18,-0.6315,140.34,UP
142.88,143.71,141.55,142.76,4804388.0,142.51,144.88,55.13,-0.5501,142.04,DOWN
141.22,141.89,140.15,141.37,9902999.0,142.37,144.78,49.35,-0.5906,142.76,UP
144.55,144.97,141.49,143.17,7821105.0,142.44,144.72,46.2,-0.4721,141.37,UP
143.35,145.19,142.4,143.79,973006.0,142.46,144.71,53.49,-0.3248,143.17,UP
145.81,146.46,144.26,145.41,6084581.0,142.58,144.66,46.51,-0.0761,143.79,UP
147.15,148.66,145.53,146.67,7649148.0,142.96,144.62,63.15,0.2202,145.41,DOWN
144.01,146.06,143.67,145.01,8962176.0,143.21,144.59,57.91,0.3175,146.67,DOWN
145.38,146.38,142.95,143.89,7756300.0,143.45,144.51,50.87,0.3007,145.01,UP
145.12,145.77,144.91,145.39,1697442.0,143.95,144.37,53.54,0.4034,143.89,UP
145.47,146.86,144.45,146.61,1699529.0,144.41,144.21,60.72,0.5766,145.39,DOWN
147.37,149.37,145.47,146.57,2290228.0,144.79,144.12,62.07,0.7024,146.61,UP
145.45,149.91,144.39,146.8,7552514.0,145.33,144.04,66.44,0.8117,146.57,UP
149.4,150.01,148.82,149.36,2823176.0,145.95,143.97,75.86,1.0919,146.8,DOWN
148.16,148.36,147.8,148.17,9850466.0,146.39,143.91,68.13,1.2047,149.36,UP
150.9,151.43,147.51,149.27,9360286.0,146.77,143.84,68.83,1.3665,148.17,DOWN
149.57,150.46,148.86,148.86,6517004.0,146.99,143.74,72.97,1.4455,149.27,DOWN
148.39,148.75,147.21,148.43,4708694.0,147.33,143.67,67.59,1.4562,148.86,UP
151.85,153.65,150.18,150.62,997619.0,148.01,143.64,70.69,1.6233,148.43,UP
154.36,154.59,150.19,152.28,718547.0,148.7,143.78,70.74,1.8674,150.62,UP
154.74,155.24,152.89,153.9,9440203.0,149.43,143.98,71.37,2.1671,152.28,UP
156.53,157.2,156.15,156.51,4921740.0,150.42,144.26,82.18,2.5856,153.9,UP
154.59,156.98,154.17,156.56,7864534.0,151.4,144.58,87.7,2.8873,156.51,UP
156.32,158.76,156.27,157.92,8853135.0,152.25,144.86,87.61,3.1996,156.56,DOWN
156.84,157.92,155.86,157.3,4358804.0,153.16,145.19,83.28,3.3583,157.92,UP
157.03,158.51,155.91,157.95,2825452.0,154.03,145.55,84.14,3.4961,157.3,DOWN
157.41,158.79,155.09,157.69,5712360.0,154.92,145.9,82.61,3.5434,157.95,UP
157.97,158.41,157.68,157.88,1428252.0,155.86,146.19,79.74,3.5556,157.69,UP
159.87,160.64,158.17,159.07,9475681.0,156.71,146.57,88.0,3.6196,157.88,DOWN
157.33,157.89,155.78,157.43,1100338.0,157.22,146.87,77.44,3.4979,159.07,UP
162.35,164.02,161.36,161.62,574231.0,157.99,147.25,84.18,3.6966,157.43,DOWN
159.7,159.71,158.5,159.61,6865062.0,158.3,147.63,77.62,3.6496,161.62,DOWN
154.22,157.85,153.74,157.18,6046686.0,158.36,147.94,66.01,3.3775,159.61,UP
158.09,160.59,158.08,159.5,4026185.0,158.52,148.29,67.08,3.3105,157.18,UP
160.86,161.47,160.27,161.08,4645466.0,158.9,148.7,67.01,3.3467,159.5,UP
160.51,163.02,159.42,162.33,3093050.0,159.34,149.13,64.73,3.4364,161.08,UP
164.48,165.33,162.75,163.58,3613534.0,159.93,149.59,66.78,3.5678,162.33,DOWN
165.86,166.15,162.65,163.56,4100957.0,160.5,150.06,64.38,3.6282,163.58,DOWN
163.59,163.66,160.22,161.76,6953859.0,160.77,150.46,60.75,3.491,163.56,UP
161.6,163.43,160.01,161.92,9968740.0,161.21,150.8,59.78,3.3558,161.76,DOWN
162.8,163.16,159.99,160.56,9405808.0,161.11,151.17,56.73,3.1036,161.92,UP
162.74,163.63,161.11,162.51,5624524.0,161.4,151.48,60.01,3.0262,160.56,DOWN
161.71,162.79,160.37,162.22,4877987.0,161.9,151.87,57.08,2.9076,162.51,DOWN
159.65,161.07,158.28,160.57,4339973.0,162.01,152.24,57.04,2.6498,162.22,DOWN
159.47,159.97,159.32,159.92,1863864.0,161.89,152.56,45.47,2.3664,160.57,UP
160.17,160.76,159.67,160.75,8036324.0,161.74,152.89,53.26,2.1833,159.92,DOWN
159.88,160.54,157.83,159.62,5921251.0,161.34,153.23,57.53,1.925,160.75,DOWN
158.22,158.92,157.27,157.98,7728119.0,160.78,153.54,45.12,1.5695,159.62,UP
158.47,158.89,158.22,158.47,2460220.0,160.45,153.88,40.96,1.312,157.98,UP
159.61,160.1,157.93,158.96,3500264.0,160.16,154.25,37.69,1.1344,158.47,DOWN
159.73,160.25,156.71,157.94,9660899.0,159.89,154.57,29.03,0.9014,158.96,DOWN
158.42,160.58,156.04,157.0,4014674.0,159.34,154.85,27.18,0.6334,157.94,UP
155.24,158.56,153.61,157.46,9922487.0,158.87,155.17,33.51,0.4533,157.0,DOWN
150.74,155.05,150.45,154.57,3573961.0,158.27,155.4,26.72,0.076,157.46,DOWN
153.15,154.02,150.16,151.75,9106776.0,157.45,155.56,24.46,-0.4451,154.57,DOWN
148.27,151.01,147.59,150.32,648178.0,156.41,155.66,13.55,-0.9629,151.75,DOWN
149.55,150.28,149.41,149.89,8946731.0,155.43,155.72,13.44,-1.3916,150.32,UP
148.76,151.57,148.24,150.51,2708977.0,154.69,155.83,18.25,-1.6621,149.89,UP
150.76,154.08,150.42,153.46,1717309.0,154.19,156.02,32.19,-1.6196,150.51,UP
155.99,156.67,154.75,155.18,3870698.0,153.81,156.22,35.36,-1.4311,153.46,DOWN
156.0,157.36,154.78,154.86,8844854.0,153.5,156.38,36.92,-1.2926,155.18,DOWN
153.95,156.03,153.36,154.82,7815664.0,153.28,156.55,40.49,-1.1724,154.86,DOWN
148.93,153.08,148.76,152.81,5632928.0,152.82,156.67,34.42,-1.2248,154.82,DOWN
151.96,153.15,151.88,152.78,7374399.0,152.64,156.74,,-1.2548,152.81,DOWN
152.79,152.93,150.07,152.2,9603611.0,152.68,156.82,33.35,-1.3101,152.78,UP
150.63,154.62,150.17,152.84,6360616.0,152.93,156.89,37.74,-1.287,152.2,DOWN
151.47,151.87,150.21,151.19,2775598.0,153.07,156.94,32.71,-1.3863,152.84,UP
152.21,153.26,151.05,152.23,5392571.0,153.24,157.01,42.82,-1.3653,151.19,UP
156.16,157.52,153.61,155.29,4991260.0,153.42,157.11,60.71,-1.0889,152.23,DOWN
155.26,156.78,153.28,155.08,9724610.0,153.41,157.16,65.55,-0.8772,155.29,UP
154.42,156.99,153.07,155.88,9279116.0,153.51,157.2,69.09,-0.6372,155.08,UP
159.06,159.68,156.55,157.26,6448491.0,153.76,157.22,70.52,-0.3319,155.88,DOWN
156.22,157.99,154.27,156.46,536160.0,154.12,157.21,60.48,-0.1529,157.26,UP
156.87,157.44,156.34,156.91,519156.0,154.53,157.19,56.64,0.0249,156.46,UP
155.53,158.64,155.35,156.93,7916240.0,155.01,157.19,58.14,0.1658,156.91,UP
156.46,158.24,156.06,157.13,3070348.0,155.44,157.17,58.95,0.29,156.93,DOWN
154.25,156.82,154.12,155.58,3062688.0,155.87,157.13,61.13,0.2606,157.13,UP
155.37,155.79,155.29,155.63,7464745.0,156.21,157.08,61.46,0.2386,155.58,UP
159.19,159.74,155.43,156.63,5974106.0,156.35,157.03,67.2,0.298,155.63,UP
157.47,159.69,156.02,159.53,8295807.0,156.79,157.08,72.1,0.5727,156.63,UP
159.03,161.95,157.22,161.45,5414005.0,157.35,157.07,83.33,0.9344,159.53,UP
167.96,169.08,164.07,165.75,1381809.0,158.2,157.2,86.25,1.5507,161.45,DOWN
163.9,165.67,162.88,164.22,4999311.0,158.98,157.34,76.05,1.8935,165.75,UP
164.96,166.32,164.68,165.96,9625805.0,159.88,157.47,79.18,2.2796,164.22,UP
167.89,169.22,165.37,166.33,6856895.0,160.82,157.57,78.68,2.5854,165.96,UP
169.8,171.12,169.3,170.71,4308282.0,162.18,157.74,81.7,3.1449,166.33,DOWN
171.83,172.09,168.36,169.09,1145649.0,163.53,157.85,78.68,3.4185,170.71,DOWN
168.43,169.39,165.25,167.41,9101594.0,164.71,157.93,72.59,3.4599,169.09,DOWN
165.48,167.17,164.29,166.21,6625488.0,165.67,158.01,69.0,3.3572,167.41,DOWN
165.2,165.55,161.75,161.97,8918385.0,165.91,158.02,58.49,2.8997,166.21,DOWN
160.01,160.96,158.98,160.92,3902155.0,165.86,158.02,59.53,2.4243,161.97,DOWN
160.51,160.54,158.29,159.4,4327271.0,165.22,157.96,56.39,1.9031,160.92,UP
160.15,160.91,159.13,159.7,5114965.0,164.77,157.91,55.34,1.4971,159.4,UP
162.33,162.56,159.57,160.38,698110.0,164.21,157.91,51.61,1.2164,159.7,UP
166.48,167.4,164.06,164.13,4579430.0,163.99,157.99,54.73,1.282,160.38,UP
166.08,166.97,165.17,166.03,9303235.0,163.52,158.1,50.54,1.4704,164.13,DOWN
163.75,165.92,163.61,164.88,4232517.0,163.1,158.2,51.29,1.5092,166.03,DOWN
163.77,165.62,161.51,163.08,3791066.0,162.67,158.3,,1.3791,164.88,UP
163.05,165.0,162.25,164.07,8264461.0,162.46,158.42,45.69,1.3399,163.08,DOWN
164.45,165.94,161.35,161.43,8619550.0,162.4,158.46,31.08,1.0833,164.07,UP
165.3,165.95,165.01,165.09,8836562.0,162.82,158.61,42.47,1.1621,161.43,UP
166.9,167.53,164.93,167.45,5253954.0,163.62,158.82,50.07,1.3988,165.09,DOWN
166.79,168.24,165.12,166.51,7105188.0,164.31,159.0,50.55,1.4934,167.45,DOWN
161.06,164.01,160.56,163.08,2199547.0,164.58,159.17,52.14,1.2772,166.51,UP
164.33,166.8,162.85,165.79,4900131.0,164.74,159.45,58.76,1.3093,163.08,DOWN
167.36,167.57,163.29,165.56,6994374.0,164.7,159.75,61.62,1.3012,165.79,UP
167.05,168.11,166.65,168.04,8138483.0,165.01,160.12,64.53,1.4776,165.56,DOWN
163.28,165.57,162.79,164.85,9231032.0,165.19,160.4,57.16,1.3445,168.04,DOWN
164.46,164.63,163.08,163.65,3440107.0,165.15,160.61,49.16,1.1293,164.85,UP
165.44,165.99,163.47,163.66,2550241.0,165.37,160.78,45.57,0.9486,163.65,UP
164.83,165.11,163.66,163.76,5434349.0,165.24,160.96,47.81,0.8038,163.66,DOWN
164.35,166.02,162.42,162.86,1656245.0,164.78,161.12,49.54,0.6094,163.76,UP
162.97,165.44,160.43,164.1,5426622.0,164.54,161.34,50.07,0.5494,162.86,DOWN
159.83,163.27,159.15,161.97,658998.0,164.42,161.53,51.1,0.3259,164.1,DOWN
163.93,164.76,161.56,161.68,9511603.0,164.01,161.72,41.96,0.1243,161.97,UP
161.44,162.73,161.22,161.92,4262853.0,163.65,161.9,35.51,-0.0158,161.68,UP
162.57,164.1,160.53,162.95,4550230.0,163.14,162.13,40.71,-0.0434,161.92,UP
166.37,167.19,163.7,164.37,6684398.0,163.09,162.37,53.76,0.0491,162.95,DOWN
162.96,164.5,161.72,162.12,8706336.0,162.94,162.51,39.02,-0.0585,164.37,DOWN
159.74,160.86,157.06,159.06,5670310.0,162.48,162.59,33.35,-0.3868,162.12,UP
164.86,165.78,160.78,161.61,4961918.0,162.26,162.71,33.62,-0.4358,159.06,UP
161.31,163.29,160.76,162.28,2308516.0,162.21,162.81,42.47,-0.4163,161.61,DOWN
162.17,162.44,160.63,160.78,1456011.0,161.87,162.89,41.75,-0.5156,162.28,UP
163.97,164.52,163.04,163.88,4157905.0,162.07,163.03,50.54,-0.34,160.78,UP
164.52,164.86,163.91,164.11,4261509.0,162.31,163.18,50.87,-0.1802,163.88,UP
168.76,169.16,165.18,166.47,9681563.0,162.76,163.36,58.19,0.1353,164.11,UP
167.37,168.7,166.07,166.61,4610993.0,163.13,163.58,55.97,0.3916,166.47,UP
171.54,172.58,170.12,170.73,9181921.0,163.77,163.88,69.08,0.9168,166.61,UP
175.85,177.02,174.16,174.24,2217355.0,164.98,164.24,73.98,1.5979,170.73,DOWN
173.19,173.97,172.77,173.74,5548336.0,166.44,164.52,72.35,2.0736,174.24,UP
174.43,175.73,174.01,175.68,7348829.0,167.85,164.81,73.27,2.5776,173.74,UP
175.41,178.51,173.63,176.97,5400318.0,169.32,165.03,73.14,3.0461,175.68,UP
176.76,180.23,175.7,179.71,8470043.0,171.22,165.34,81.73,3.5968,176.97,DOWN
180.87,181.44,177.53,177.78,9021722.0,172.61,165.58,85.23,3.8334,179.71,UP
177.5,179.22,176.12,179.15,5185942.0,174.11,165.83,84.54,4.0844,177.78,UP
180.94,182.4,180.5,181.27,7349221.0,175.59,166.04,85.38,4.4035,179.15,DOWN
177.34,178.09,176.24,177.75,9572684.0,176.7,166.22,79.4,4.3227,181.27,DOWN
175.85,176.41,174.92,175.39,6083161.0,177.17,166.38,70.45,4.0213,177.75,DOWN
172.53,173.55,169.96,171.31,4468178.0,176.88,166.48,61.25,3.414,175.39,DOWN
172.06,172.08,170.25,170.77,639133.0,176.58,166.66,57.13,2.8563,171.31,UP
171.33,172.38,171.23,172.21,4309697.0,176.23,166.88,58.9,2.5013,170.77,UP
174.96,175.44,172.69,175.21,8137547.0,176.06,167.2,57.39,2.4344,172.21,UP
175.78,176.15,174.47,175.36,770001.0,175.62,167.51,52.07,2.366,175.21,UP
,178.75,177.67,178.62,5117631.0,175.7,167.87,58.2,2.5453,175.36,DOWN
178.27,179.09,174.58,175.86,1899298.0,175.37,168.11,50.28,2.4366,178.62,DOWN
173.18,173.62,171.16,172.45,4647413.0,174.49,168.24,43.07,2.0519,175.86,DOWN
173.44,175.05,172.04,172.34,6357109.0,173.95,168.39,37.73,1.7182,172.45,UP
174.1,175.85,172.96,173.11,1282409.0,173.72,168.59,41.9,1.4985,172.34,DOWN
174.8,176.18,172.43,173.04,8376146.0,173.89,168.77,38.91,1.3041,173.11,DOWN
169.18,170.47,168.76,168.91,1213391.0,173.71,168.92,29.11,0.807,173.04,DOWN
166.78,169.42,165.19,168.73,6255536.0,173.36,168.99,32.81,0.3942,168.91,DOWN
166.72,167.22,165.42,166.12,837164.0,172.45,168.96,32.51,-0.1419,168.73,UP
166.48,167.72,165.34,167.46,8369815.0,171.66,168.98,41.89,-0.4534,166.12,UP
167.4,168.48,167.29,168.19,3263779.0,170.62,169.08,44.61,-0.6338,167.46,DOWN
167.19,167.42,165.51,166.31,3358214.0,169.66,169.09,37.92,-0.9179,168.19,DOWN
167.14,167.92,164.9,165.28,2734967.0,168.95,169.09,27.86,-1.212,166.31,DOWN
163.2,163.89,162.75,163.16,2520880.0,168.03,168.99,25.0,-1.5976,165.28,DOWN
163.5,164.42,162.56,163.04,7419219.0,167.02,168.95,13.36,-1.8915,163.16,UP
167.5,168.33,163.69,164.95,4743780.0,166.21,168.98,23.28,-1.9478,163.04,DOWN
163.34,163.41,162.85,162.98,4393193.0,165.62,168.97,25.04,-2.127,164.95,UP
167.89,168.6,163.43,163.99,6181868.0,165.15,168.97,28.98,-2.1627,162.98,DOWN
163.77,164.46,160.0,162.93,1755959.0,164.83,168.97,24.75,-2.2507,163.99,DOWN
158.7,162.83,156.65,161.34,2613687.0,164.22,168.92,23.02,,162.93,DOWN
162.26,162.84,160.04,161.13,7120090.0,163.51,168.9,28.1,-2.543,161.34,DOWN
159.63,159.87,158.68,159.06,2119426.0,162.78,168.85,25.39,-2.7751,161.13,DOWN
159.88,160.38,157.93,157.95,7505351.0,162.05,168.77,27.5,-3.0137,159.06,DOWN
156.56,157.03,154.38,155.55,8070095.0,161.29,168.62,19.01,-3.3574,157.95,UP
159.27,159.56,157.58,159.48,2638421.0,160.93,168.52,30.56,-3.275,155.55,UP
157.72,160.29,155.82,159.55,5523198.0,160.39,168.47,33.59,-3.1674,159.48,DOWN
157.84,158.63,157.68,158.15,9809239.0,159.91,168.45,33.0,-3.1587,159.55,UP
157.3,159.82,156.28,158.58,9173899.0,159.37,168.39,38.11,-3.0818,158.15,DOWN
157.49,159.23,157.31,158.36,2149959.0,158.91,168.31,37.92,-3.0043,158.58,DOWN
158.8,159.68,156.58,157.91,7559916.0,158.57,168.26,30.36,-2.9446,158.36,UP
161.65,162.41,158.73,159.14,2688077.0,158.37,168.16,38.83,-2.7663,157.91,UP
161.25,161.29,160.53,160.66,5284973.0,158.53,168.09,40.58,-2.4742,159.14,DOWN
157.8,160.28,157.35,159.6,4269484.0,158.7,167.96,40.58,-2.3018,160.66,DOWN
159.11,159.32,158.23,158.44,1790906.0,158.99,167.79,41.6,-2.2323,159.6,DOWN
159.69,160.76,157.8,157.89,1935367.0,158.83,167.54,40.81,-2.1964,158.44,DOWN
152.38,155.65,152.3,153.29,8812048.0,158.2,167.12,35.67,-2.5104,157.89,DOWN
150.06,151.05,150.01,150.26,3746849.0,157.41,166.65,32.55,-2.9696,153.29,UP
153.02,154.4,151.93,152.99,9154584.0,156.86,166.19,44.28,-3.0775,150.26,UP
155.11,156.59,154.39,156.28,2105196.0,156.65,165.78,42.64,-2.8645,152.99,DOWN
156.76,157.48,154.5,155.79,5887059.0,156.44,165.3,41.5,-2.7046,156.28,UP
156.76,157.17,155.78,156.94,1545851.0,156.21,164.88,47.23,-2.4566,155.79,UP
158.19,159.64,155.46,157.56,8966602.0,155.91,164.45,47.7,-2.1847,156.94,UP
162.39,165.06,161.23,163.72,3164921.0,156.32,164.1,59.56,-1.4555,157.56,UP
165.3,166.65,163.92,165.96,1934730.0,157.07,163.87,63.48,-0.6889,163.72,DOWN
166.79,167.39,165.4,165.7,4571650.0,157.85,163.67,61.36,-0.101,165.96,DOWN
163.23,165.51,160.63,163.79,4854489.0,158.9,163.52,55.36,0.2084,165.7,DOWN
163.17,165.16,160.22,160.58,2458615.0,159.93,163.32,51.56,0.1921,163.79,UP
160.39,161.75,160.32,160.99,7002483.0,160.73,163.09,54.14,0.2096,160.58,DOWN
159.81,160.36,158.46,159.47,1478534.0,161.05,162.78,52.5,0.1003,160.99,DOWN
158.03,158.89,156.11,156.63,8201516.0,161.13,162.4,55.59,-0.2134,159.47,DOWN
153.21,155.72,151.68,155.34,9784276.0,160.97,161.94,59.02,-0.5599,156.63,DOWN
150.53,153.22,149.87,153.17,1818155.0,160.53,161.48,50.32,-0.9976,155.34,UP
154.26,156.57,153.33,156.55,1484588.0,159.82,161.17,50.47,-1.06,153.17,UP
160.2,162.12,156.71,158.31,4949399.0,159.05,160.89,54.36,-0.9561,156.55,DOWN
,158.31,157.14,158.29,4502761.0,158.31,160.59,52.44,-0.8651,158.31,UP
165.09,165.78,161.04,161.25,981632.0,158.06,160.35,56.13,-0.5478,158.29,UP
160.56,161.9,160.07,161.41,8223047.0,158.14,160.2,45.21,-0.2806,161.25,DOWN
159.96,161.41,159.15,159.69,7041173.0,158.01,160.02,36.71,-0.2055,161.41,UP
165.05,166.3,162.22,162.73,8498799.0,158.34,159.96,44.37,0.0987,159.69,UP
166.82,167.63,161.87,163.81,5775820.0,159.05,159.88,50.04,0.4219,162.73,DOWN
164.83,165.11,160.92,161.74,9418562.0,159.69,159.75,52.37,0.5048,163.81,DOWN
163.17,163.45,161.31,161.35,8139298.0,160.51,159.65,50.76,0.5336,161.74,DOWN
161.14,161.93,159.42,159.6,7996196.0,160.82,159.54,50.27,0.4104,161.35,DOWN
157.73,158.07,156.48,156.84,5604138.0,160.67,159.41,50.43,0.0886,159.6,UP
159.86,160.43,157.51,158.69,526505.0,160.71,159.33,56.68,-0.0167,156.84,UP
161.68,163.48,161.06,162.51,2150375.0,160.84,159.28,67.45,0.2055,158.69,DOWN
158.48,160.04,158.44,159.71,712204.0,160.67,159.21,56.05,0.1542,162.51,UP
160.83,161.45,160.78,160.84,7550305.0,160.78,159.15,54.95,0.202,159.71,DOWN
159.28,160.62,158.78,159.54,9416776.0,160.46,159.08,52.32,0.1334,160.84,DOWN
157.88,159.39,156.51,158.56,1473215.0,159.94,159.03,44.58,0.0004,159.54,DOWN
158.42,161.37,157.05,157.38,1067827.0,159.5,158.95,42.21,-0.1983,158.56,DOWN
157.08,158.33,155.59,155.65,8825857.0,158.93,158.88,42.2,-0.4896,157.38,UP
155.88,157.23,155.25,155.75,1767633.0,158.55,158.84,34.77,-0.7045,155.65,DOWN
156.3,157.62,153.55,154.08,4184815.0,158.27,158.81,29.32,-0.9974,155.75,UP
152.91,155.11,151.69,154.63,2526182.0,157.86,158.71,33.83,-1.1724,154.08,DOWN
154.23,155.07,153.36,154.53,5138246.0,157.07,158.61,34.26,-1.3041,154.63,DOWN
152.97,154.6,151.26,154.05,8937392.0,156.5,158.53,36.4,-1.4306,154.53,DOWN
149.43,152.49,147.68,152.23,8877900.0,155.64,158.4,38.18,-1.6582,154.05,DOWN
150.95,151.2,150.52,151.08,2710186.0,154.79,158.26,29.73,-1.9096,152.23,UP
152.41,152.92,151.93,152.59,3031196.0,154.2,158.15,19.88,-1.9643,151.08,UP
155.86,155.95,152.8,153.59,3700090.0,153.82,158.04,29.14,-1.9049,152.59,DOWN
152.58,154.8,151.21,151.64,553997.0,153.42,157.86,20.32,-1.9925,153.59,UP
150.3,152.06,149.02,151.83,4875717.0,153.02,157.7,23.26,-2.0227,151.64,UP
156.12,156.97,151.12,153.34,6107423.0,152.95,157.6,32.5,-1.9034,151.83,DOWN
151.83,152.01,149.5,150.0,9689589.0,152.49,157.44,28.4,-2.0545,153.34,UP
151.96,154.94,148.59,151.09,3440504.0,152.14,157.4,36.12,-2.0629,150.0,DOWN
149.42,,148.45,149.76,5434990.0,151.71,157.39,33.06,-2.1516,151.09,UP
149.46,151.22,147.83,150.9,8557907.0,151.58,157.35,40.72,-2.1056,149.76,DOWN
148.82,150.3,148.23,149.37,6221877.0,151.41,157.21,35.52,-2.1673,150.9,DOWN
147.4,147.88,144.59,145.77,9459601.0,150.73,157.01,29.76,-2.4789,149.37,DOWN
145.34,145.76,142.31,142.51,6356494.0,149.62,156.72,26.38,-2.9545,145.77,UP
144.92,145.53,140.54,142.61,8260004.0,148.72,156.42,28.8,-3.2857,142.51,UP
142.39,145.18,140.56,143.13,6602493.0,147.85,156.01,31.98,-3.4664,142.61,DOWN
139.64,142.45,138.59,141.32,3093449.0,146.64,155.52,24.8,-3.7127,143.13,UP
142.81,143.28,141.1,142.59,1518543.0,145.9,155.06,25.71,-3.7615,141.32,DOWN
136.62,140.2,134.76,139.27,9273713.0,144.72,154.57,24.25,-4.0219,142.59,DOWN
139.62,140.18,139.04,139.14,7274870.0,143.66,154.14,23.49,-4.1906,139.27,DOWN
136.5,137.64,135.26,136.72,7604527.0,142.24,153.65,16.57,-4.4683,139.14,DOWN
134.71,135.83,132.62,135.41,4727234.0,140.85,153.17,18.05,-4.7389,136.72,UP
133.12,135.8,131.52,135.51,1621889.0,139.82,152.75,14.33,-4.8894,135.41,DOWN
134.56,135.53,133.11,133.79,9637819.0,138.95,152.32,14.07,-5.0888,135.51,DOWN
132.22,133.94,131.41,133.02,,137.99,151.91,9.09,-5.2485,133.79,UP
133.28,136.28,133.23,135.03,4131453.0,137.18,151.48,17.9,-5.1531,133.02,DOWN
129.57,133.93,129.41,133.88,7024367.0,136.44,150.99,20.11,-5.1118,135.03,UP
135.51,136.26,135.18,135.55,5838938.0,135.73,150.54,30.98,-4.8878,133.88,DOWN
135.95,137.21,131.84,133.29,2685028.0,135.13,149.98,27.24,-4.8369,135.55,UP
136.84,137.06,133.47,134.35,5303958.0,134.65,149.44,29.11,-4.6573,133.29,UP
136.55,137.54,135.47,137.23,9426299.0,134.71,148.99,40.75,-4.2335,134.35,DOWN
131.39,134.72,130.01,132.29,3987924.0,134.39,148.38,29.99,-4.2476,137.23,DOWN
131.4,131.83,130.38,130.69,1272838.0,133.91,147.72,32.15,-4.3374,132.29,UP
130.35,133.23,129.66,131.85,761420.0,133.72,147.12,35.44,-4.2662,130.69,DOWN
131.9,132.46,129.98,131.44,977843.0,133.56,146.52,38.55,-4.1943,131.85,UP
133.33,134.36,131.07,132.19,5029943.0,133.28,145.97,42.81,-4.0309,131.44,DOWN
132.82,134.91,130.94,130.98,5052538.0,132.99,145.46,40.39,-3.9533,132.19,UP
131.0,132.74,130.47,131.15,2325260.0,132.55,144.91,44.01,-3.8336,130.98,DOWN
130.53,132.72,128.97,130.84,5275833.0,132.3,144.27,44.95,-3.721,131.15,UP
131.86,135.05,131.51,133.17,4687694.0,132.18,143.74,45.76,-3.4041,130.84,UP
132.44,134.07,129.93,133.68,3599834.0,131.83,143.2,49.54,-3.0764,133.17,UP
134.02,135.23,132.18,134.36,7271158.0,132.04,142.7,47.06,-2.7307,133.68,DOWN
134.09,134.62,133.5,133.53,4064507.0,132.32,142.2,50.65,-2.4945,134.36,DOWN
133.93,136.57,131.92,132.56,4799489.0,132.39,141.7,45.22,-2.3588,133.53,DOWN
130.49,131.7,130.37,131.69,3682132.0,132.42,141.22,33.44,-2.2946,132.56,UP
134.72,135.05,132.37,132.48,3940863.0,132.45,140.75,50.78,-2.1552,131.69,DOWN
131.23,132.57,129.94,131.64,8486322.0,132.51,140.31,54.01,-2.0886,132.48,UP
132.19,133.23,131.96,132.22,7137448.0,132.62,139.86,51.66,-1.9664,131.64,UP
135.25,136.46,134.49,136.37,7635580.0,133.17,139.49,66.45,-1.5171,132.22,UP
134.48,139.04,132.29,138.11,5302738.0,133.67,139.18,68.55,-1.0089,136.37,DOWN
138.79,139.04,136.27,137.46,7279651.0,134.04,138.88,71.02,-0.6512,138.11,UP
140.97,141.86,138.91,139.86,8371490.0,134.59,138.66,74.68,-0.1718,137.46,DOWN
138.63,139.46,138.57,139.05,644375.0,135.15,138.39,72.61,0.1405,139.86,DOWN
135.07,136.07,134.74,134.97,8173919.0,135.39,138.01,54.52,0.0585,139.05,DOWN
133.73,134.38,131.88,132.96,6213948.0,135.51,137.64,48.3,-0.1673,134.97,DOWN
126.87,130.07,126.65,129.21,4729491.0,135.19,137.19,39.49,-0.6407,132.96,DOWN
127.72,128.75,126.81,128.51,8560426.0,134.87,136.69,39.69,-1.0604,129.21,UP
129.74,129.78,128.25,128.55,5683584.0,134.51,136.26,41.43,-1.3742,128.51,UP
130.02,133.35,128.71,131.9,9545861.0,134.06,135.88,50.4,-1.337,128.55,UP
133.0,133.29,132.23,132.55,6411993.0,133.5,135.53,50.14,-1.2404,131.9,DOWN
,132.17,129.89,132.12,3683818.0,132.97,135.16,50.94,-1.1855,132.55,UP
134.47,137.1,132.51,133.78,2018560.0,132.36,134.85,52.94,-0.9967,132.12,DOWN
129.3,130.47,129.01,129.35,2394420.0,131.39,134.52,36.86,-1.1902,133.78,UP
127.4,131.29,126.57,129.82,7569222.0,130.88,134.26,33.71,-1.2906,129.35,UP
133.11,134.11,130.73,131.37,8158206.0,130.72,134.04,38.42,-1.2316,129.82,DOWN
127.31,128.69,126.49,128.41,1041797.0,130.64,133.74,28.7,-1.4073,131.37,UP
129.48,132.45,128.41,130.7,9580897.0,130.85,133.53,35.27,-1.3464,128.41,UP
131.67,132.05,129.25,131.37,8805827.0,131.14,133.31,42.79,-1.2293,130.7,DOWN
132.27,132.65,129.21,130.54,7057642.0,131.0,133.13,44.92,-1.1898,131.37,UP
130.28,131.86,128.36,131.81,5936526.0,130.93,132.99,56.09,-1.0444,130.54,UP
136.44,137.67,135.13,136.35,8139377.0,131.35,132.98,65.59,-0.5562,131.81,UP
137.36,138.45,136.64,136.71,2296218.0,131.64,133.01,66.03,-0.1385,136.35,UP
138.25,138.88,135.92,137.21,1052226.0,132.43,133.04,61.74,0.2301,136.71,DOWN
136.56,137.88,135.6,136.29,8014782.0,133.08,133.09,58.17,0.4429,137.21,DOWN
134.04,134.79,133.12,134.59,5598907.0,133.4,133.12,55.13,0.469,136.29,UP
135.01,137.05,133.77,136.25,9149318.0,134.18,133.15,55.13,0.6165,134.59,DOWN
134.67,134.73,134.14,134.54,7639608.0,134.57,133.16,62.11,0.5885,136.25,UP
133.07,135.92,132.01,134.68,8207690.0,134.9,133.14,61.52,0.5713,134.54,DOWN
129.35,134.19,128.74,133.73,7503621.0,135.22,133.15,55.76,0.4751,134.68,UP
135.34,135.38,132.38,134.69,4303074.0,135.5,133.16,66.96,0.4708,133.73,UP
136.71,136.77,133.87,135.35,7916510.0,135.4,133.12,63.79,0.5152,134.69,UP
133.88,138.28,132.62,137.43,9826801.0,135.48,133.22,66.55,0.7097,135.35,DOWN
134.89,138.66,133.75,136.41,7967133.0,135.4,133.34,65.87,0.7726,137.43,DOWN
136.8,137.4,134.9,135.87,4007145.0,135.35,133.42,61.44,0.77,136.41,DOWN
137.0,137.21,132.9,133.91,2278244.0,135.29,133.47,41.96,0.6031,135.87,DOWN
133.05,134.25,132.69,133.02,5282337.0,134.96,133.48,38.24,0.3945,133.91,UP
132.68,134.27,132.46,133.78,1680859.0,134.89,133.54,39.24,0.2868,133.02,UP
135.02,137.17,134.19,135.29,7233214.0,134.95,133.62,46.98,0.32,133.78,DOWN
135.51,136.13,132.73,133.45,2480425.0,134.92,133.67,46.57,0.1951,135.29,UP
134.22,135.82,132.17,135.19,7941521.0,134.97,133.71,46.82,0.2339,133.45,UP
136.7,139.09,136.7,137.9,8577813.0,135.22,133.8,59.45,0.4778,135.19,UP
138.0,139.35,137.22,138.72,8194420.0,135.35,133.89,60.95,0.7295,137.9,UP
141.05,142.66,140.26,142.48,3441616.0,135.96,134.06,70.59,1.2178,138.72,DOWN
141.11,141.72,140.15,140.93,2974370.0,136.47,134.23,64.3,1.463,142.48,DOWN
140.88,143.08,137.36,138.44,6104297.0,136.92,134.37,56.52,1.4399,140.93,DOWN
135.37,136.26,133.53,134.88,7605924.0,137.11,134.41,44.94,1.1216,138.44,UP
137.5,139.15,137.08,137.88,2578937.0,137.52,134.54,52.71,1.0981,134.88,UP
138.75,139.84,138.71,139.18,9415948.0,137.9,134.68,55.95,1.1716,137.88,DOWN
136.73,140.21,136.62,139.07,1855097.0,138.47,134.73,59.91,1.2069,139.18,UP
140.96,141.16,139.45,139.63,2555397.0,138.91,134.76,62.86,1.2655,139.07,DOWN
137.26,137.39,136.87,137.38,1579037.0,138.86,134.76,56.63,1.1175,139.63,UP
142.0,142.87,141.31,142.27,4651951.0,139.22,134.81,61.42,1.3789,137.38,UP
147.32,147.99,141.8,142.53,3655200.0,139.22,134.88,65.67,1.5887,142.27,UP
143.2,143.93,141.76,142.75,1355695.0,139.4,135.03,63.77,1.7524,142.53,UP
143.07,144.28,142.79,144.2,612036.0,139.98,135.26,62.02,1.9764,142.75,UP
144.52,145.62,143.33,145.16,4331854.0,141.01,135.58,62.22,2.2062,144.2,UP
147.33,148.79,144.72,145.61,1389694.0,141.78,135.92,56.8,2.3968,145.16,DOWN
144.2,144.91,142.66,144.03,1090348.0,142.27,136.23,56.72,2.3927,145.61,UP
142.82,145.76,142.46,144.97,8195082.0,142.86,136.49,65.17,2.4374,144.03,UP
150.12,150.2,146.76,148.74,9797729.0,143.77,136.82,81.86,2.745,144.97,UP
150.43,152.84,150.38,151.43,4566981.0,145.17,137.2,81.61,3.1693,148.74,UP
157.43,157.83,152.72,154.62,4967801.0,146.4,137.62,83.09,3.7198,151.43,DOWN
155.21,156.07,152.64,153.59,2683525.0,147.51,138.1,79.96,,154.62,DOWN
150.94,153.02,150.11,151.61,1193464.0,148.4,138.54,73.36,4.0642,153.59,DOWN
153.28,153.98,150.6,151.36,9607338.0,149.11,138.94,79.56,4.0268,151.61,UP
151.58,152.02,149.93,151.47,2077415.0,149.74,139.4,74.38,3.9606,151.36,UP
154.94,155.42,153.03,153.66,4762663.0,150.55,139.86,76.76,4.0381,151.47,DOWN
151.0,151.3,149.68,150.28,4093824.0,151.17,140.24,65.7,3.7828,153.66,UP
152.07,153.8,151.43,153.34,5168223.0,152.01,140.69,67.86,3.7836,150.28,DOWN
152.05,153.22,151.82,153.02,8536837.0,152.44,141.12,65.76,3.716,153.34,DOWN
153.71,154.02,151.42,152.17,1858356.0,152.51,141.43,62.94,3.5526,153.02,DOWN
149.64,151.84,149.22,150.14,2015719.0,152.06,141.7,61.85,3.2226,152.17,DOWN
146.23,147.9,145.96,146.83,4641426.0,151.39,141.9,53.3,2.6633,150.14,UP
147.05,148.67,146.71,148.48,9704725.0,151.07,142.14,49.5,2.326,146.83,UP
149.26,150.2,148.26,148.63,1337566.0,150.8,142.42,44.03,2.047,148.48,DOWN
149.14,150.17,145.92,146.05,7142516.0,150.26,142.62,31.27,1.5993,148.63,DOWN
141.85,143.85,141.4,143.46,8983063.0,149.24,142.79,29.26,1.0237,146.05,DOWN
142.82,144.63,142.29,142.78,8623155.0,148.49,142.96,30.92,0.5074,143.46,UP
148.24,148.46,145.94,146.12,1723981.0,147.77,143.2,40.01,0.3635,142.78,DOWN
145.48,146.45,144.49,145.6,2836798.0,147.03,143.42,38.98,0.2051,146.12,DOWN
143.27,143.93,142.56,142.6,2658344.0,146.07,143.57,29.84,-0.1611,145.6,DOWN
140.51,143.19,139.7,142.1,6983214.0,145.26,143.66,33.36,-0.4854,142.6,DOWN
142.2,142.99,140.45,141.56,1335165.0,144.74,143.76,23.28,-0.7774,142.1,DOWN
135.88,,135.63,136.17,2234428.0,143.51,143.77,18.92,-1.4277,141.56,DOWN
137.54,138.94,135.84,136.06,4322069.0,142.25,143.81,19.46,-1.9295,136.17,DOWN
137.38,137.39,134.81,135.59,3644787.0,141.2,143.86,20.68,-2.3375,136.06,UP
140.87,141.77,136.56,136.99,8846988.0,140.56,143.93,28.5,-2.5195,135.59,UP
141.55,142.46,140.28,140.69,3312789.0,140.35,144.04,34.38,-2.3384,136.99,UP
143.43,144.95,142.39,142.94,8492726.0,140.03,144.23,39.49,-1.9901,140.69,DOWN
142.69,143.2,141.96,142.4,9344712.0,139.71,144.37,42.71,-1.7374,142.94,DOWN
139.66,141.22,138.83,140.19,2666503.0,139.47,144.42,43.37,-1.6962,142.4,UP
145.84,146.5,145.18,145.33,8545391.0,139.79,144.55,54.38,-1.234,140.19,UP
145.01,146.31,144.65,145.45,9122693.0,140.18,144.61,48.71,-0.8484,145.33,UP
145.73,146.83,145.47,145.48,9646779.0,141.11,144.7,49.76,-0.5344,145.45,DOWN
147.41,148.3,143.35,145.43,998095.0,142.05,144.84,56.32,-0.2861,145.48,UP
144.32,146.0,144.16,145.83,8910184.0,143.07,145.06,58.33,-0.0567,145.43,DOWN
147.25,147.8,143.33,145.54,3830263.0,143.93,145.21,59.01,0.1006,145.83,DOWN
146.37,147.54,144.03,144.39,7866604.0,144.3,145.31,73.06,0.1312,145.54,DOWN
143.12,144.19,142.39,143.3,4165842.0,144.33,145.4,69.24,0.0664,144.39,DOWN
140.05,143.83,139.68,143.23,3291338.0,144.42,145.47,70.73,0.0097,143.3,DOWN
141.23,143.09,140.92,142.15,3837031.0,144.61,145.57,64.23,-0.1216,143.23,DOWN
142.67,143.13,139.53,140.72,8734025.0,144.15,145.54,50.11,-0.3368,142.15,UP
140.9,142.3,139.64,140.93,4445123.0,143.7,145.5,42.74,-0.4845,140.72,DOWN
138.92,141.27,138.19,140.42,5268026.0,143.19,145.46,42.83,-0.6355,140.93,UP
142.67,144.66,142.08,143.43,4583501.0,142.99,145.44,61.13,-0.5065,140.42,DOWN
139.39,139.94,137.99,138.13,5336161.0,142.22,145.3,25.55,-0.8227,143.43,UP
141.13,141.76,139.97,140.31,2280248.0,141.7,145.19,34.7,-0.8869,138.13,UP
142.45,143.5,141.42,142.8,6626664.0,141.54,145.17,43.05,-0.7282,140.31,DOWN
138.11,139.24,137.24,138.66,8209824.0,141.08,145.04,35.5,-0.9265,142.8,DOWN
137.38,138.23,136.24,137.97,,140.55,144.83,33.39,-1.1259,138.66,DOWN
135.85,137.77,135.03,137.23,2680019.0,140.06,144.54,32.76,-1.3285,137.97,DOWN
136.84,137.85,134.35,134.41,1279957.0,139.43,144.14,30.64,-1.6967,137.23,DOWN
132.38,134.82,132.3,132.86,2413980.0,138.62,143.73,30.1,-2.09,134.41,DOWN
132.46,132.81,130.56,130.64,2007394.0,137.65,143.31,27.82,-2.5514,132.86,UP
136.42,137.99,133.99,134.14,3479845.0,136.72,142.96,37.01,-2.6043,130.64,UP
137.51,137.61,134.82,136.01,3212188.0,136.5,142.65,42.47,-2.4668,134.14,UP
137.91,138.82,137.83,138.56,9142873.0,136.33,142.35,46.46,-2.1281,136.01,UP
140.61,141.29,138.88,140.0,5213797.0,136.05,142.15,49.39,-1.7233,138.56,DOWN
137.71,138.04,137.31,137.74,1410913.0,135.96,141.83,41.57,-1.5667,140.0,DOWN
135.34,137.02,135.16,136.69,2557017.0,135.83,141.51,47.57,-1.5098,137.74,UP
138.16,138.89,136.44,137.67,1153817.0,135.87,141.22,45.34,-1.37,136.69,DOWN
133.46,135.56,132.86,135.23,1496433.0,135.95,140.92,36.59,-1.4398,137.67,UP
138.44,138.75,135.8,136.65,3081505.0,136.33,140.72,46.08,-1.3643,135.23,DOWN
135.48,136.64,132.99,136.17,7055851.0,136.89,140.47,46.45,-1.328,136.65,DOWN
135.73,137.26,135.16,135.42,4608949.0,137.02,140.2,46.44,-1.3442,136.17,UP
137.27,138.03,135.57,136.85,6628420.0,137.1,140.02,55.07,-1.2281,135.42,UP
137.35,138.35,137.19,137.73,5376691.0,137.02,139.91,60.47,-1.0523,136.85,DOWN
137.89,138.91,136.48,137.01,5174071.0,136.72,139.79,64.63,-0.9602,137.73,UP
138.62,139.57,137.78,139.33,4703887.0,136.88,139.66,62.6,-0.6921,137.01,DOWN
138.48,138.51,135.95,137.17,7638512.0,136.92,139.49,52.76,-0.6466,139.33,UP
136.38,138.53,135.32,138.4,4536480.0,137.0,139.4,49.6,-0.5053,137.17,UP
139.78,140.11,138.71,139.59,8067476.0,137.43,139.35,48.93,-0.2943,138.4,DOWN
141.88,143.31,138.65,138.97,9835411.0,137.66,139.3,53.47,-0.175,139.59,UP
138.12,140.7,137.55,139.62,3986444.0,138.01,139.37,58.47,,138.97,DOWN
136.1,138.43,135.77,137.12,7663357.0,138.18,139.39,48.53,-0.1112,139.62,UP
139.74,140.36,138.03,138.97,6009165.0,138.39,139.46,60.26,-0.0281,137.12,DOWN
138.87,140.19,138.37,138.6,5373014.0,138.48,139.49,55.66,0.0078,138.97,DOWN
138.08,138.46,136.49,137.55,968298.0,138.53,139.43,53.89,-0.0475,138.6,UP
140.38,141.47,138.2,139.65,4830453.0,138.56,139.36,61.08,0.077,137.55,DOWN
139.19,141.2,137.32,138.24,1070303.0,138.67,139.28,53.66,0.0614,139.65,DOWN
137.09,138.11,134.59,135.42,9877259.0,138.37,139.18,44.49,-0.1763,138.24,DOWN
132.92,133.17,132.17,132.31,5670988.0,137.64,138.92,39.94,-0.6089,135.42,UP
133.16,134.57,132.85,133.52,3817657.0,137.1,138.68,36.96,-0.8442,132.31,DOWN
131.97,132.11,130.44,130.96,3836640.0,136.23,138.39,36.31,-1.2232,133.52,UP
137.32,137.34,133.12,134.47,5500738.0,135.97,138.17,42.12,-1.2262,130.96,DOWN
130.11,130.66,129.68,130.31,3160891.0,135.1,137.86,33.38,-1.5468,134.47,UP
132.24,135.26,132.2,133.7,7495919.0,134.61,137.63,41.42,-1.5096,130.31,UP
135.78,136.6,132.69,134.12,5116167.0,134.27,137.42,40.98,-1.4297,133.7,DOWN
133.75,135.46,132.43,133.93,9447727.0,133.7,137.23,44.34,-1.3662,134.12,DOWN
129.58,133.34,129.3,132.84,6498544.0,133.16,137.03,38.82,-1.3878,133.93,UP
134.91,136.31,131.5,133.64,2842094.0,132.98,136.86,41.09,-1.3252,132.84,DOWN
132.76,133.93,131.75,133.56,2692271.0,133.1,136.71,42.57,-1.2671,133.64,UP
135.63,137.87,135.47,135.77,3345376.0,133.33,136.61,42.8,-1.0311,133.56,UP
136.49,137.12,132.75,136.0,4456558.0,133.83,136.52,45.65,-0.8162,135.77,UP
136.58,137.47,133.99,136.3,5736441.0,134.01,136.38,51.88,-0.6146,136.0,DOWN
136.63,137.23,135.39,135.57,4231570.0,134.54,136.33,57.81,-0.5076,136.3,DOWN
134.8,135.58,134.7,135.46,6842211.0,134.72,136.23,54.89,-0.4271,135.57,UP
136.84,138.79,135.08,136.07,6331052.0,134.91,136.1,64.33,-0.3101,135.46,DOWN
132.26,133.16,130.56,132.65,,134.78,135.98,44.87,-0.4877,136.07,DOWN
131.06,132.12,128.32,129.95,3754449.0,134.5,135.82,48.92,-0.8364,132.65,UP
132.36,133.85,129.65,131.44,9494006.0,134.28,135.7,42.14,-0.9815,129.95,UP
130.38,133.75,129.76,131.78,4807910.0,134.1,135.65,41.82,-1.0567,131.44,DOWN
133.04,133.05,130.83,131.41,3822918.0,133.66,135.62,41.32,-1.1329,131.78,UP
130.65,132.46,130.15,131.45,5771810.0,133.21,135.63,44.83,-1.1768,131.41,UP
133.36,134.7,131.08,132.15,5435371.0,132.79,135.59,44.41,-1.1423,131.45,DOWN
131.62,132.36,129.87,131.07,760102.0,132.34,135.5,41.29,-1.1884,132.15,DOWN
132.27,132.75,127.19,129.51,6016825.0,131.75,135.31,27.11,-1.3351,131.07,UP
129.57,131.13,128.71,129.9,6318528.0,131.13,135.11,27.97,-1.4036,129.51,DOWN
127.42,129.63,126.59,127.95,8714372.0,130.66,134.92,23.04,-1.5974,129.9,UP
128.73,129.32,126.71,128.76,9036239.0,130.54,134.76,28.15,-1.6659,127.95,DOWN
124.9,126.24,124.76,125.36,1843054.0,129.93,134.51,23.24,-1.9722,128.76,UP
128.62,130.6,126.62,127.42,3659016.0,129.5,134.36,28.69,-2.0255,125.36,UP
125.94,128.89,125.81,128.36,2226334.0,129.19,134.19,37.97,-1.9688,127.42,UP
127.29,129.21,126.83,128.87,3853030.0,128.93,134.04,46.54,-1.861,128.36,UP
129.24,131.18,129.08,130.84,2347199.0,128.8,133.95,48.13,-1.5987,128.87,UP
135.59,137.15,133.8,134.17,2138004.0,129.11,133.9,56.24,-1.1091,130.84,UP
138.76,139.62,134.85,136.2,2229187.0,129.78,133.87,61.51,-0.5511,134.17,DOWN
132.36,132.93,131.64,132.52,4961595.0,130.04,133.78,52.18,-0.4014,136.2,DOWN
129.7,130.42,129.18,129.96,6317676.0,130.24,133.59,45.83,-0.4836,132.52,DOWN
128.81,128.86,128.39,128.71,3960096.0,130.24,133.42,45.54,-0.6422,129.96,UP
130.5,131.06,128.59,128.76,1830363.0,130.58,133.23,48.49,-0.755,128.71,UP
128.4,132.32,127.41,129.79,3946839.0,130.82,133.03,49.79,-0.7522,128.76,DOWN
128.7,129.0,128.16,128.34,3613506.0,130.82,132.82,50.79,-0.8572,129.79,UP
130.18,130.42,126.54,128.72,8667197.0,130.8,132.6,49.91,-0.8999,128.34,DOWN
127.96,129.11,127.03,127.21,2061014.0,130.44,132.4,54.06,-1.0436,128.72,DOWN
126.27,126.65,124.55,125.98,5089369.0,129.62,132.14,46.73,-1.2419,127.21,DOWN
124.67,124.88,121.7,123.17,7121778.0,128.32,131.84,39.09,-1.6075,125.98,DOWN
117.27,123.08,116.68,121.32,8031844.0,127.2,131.51,34.97,-2.0229,123.17,DOWN
119.64,121.21,118.29,118.62,3757983.0,126.06,131.09,26.38,-2.541,121.32,DOWN
115.69,117.13,114.43,116.67,7402066.0,124.86,130.66,14.26,-3.0736,118.62,UP
116.03,118.93,115.58,118.78,6573877.0,123.86,130.33,14.53,-3.2878,116.67,DOWN
117.64,117.72,116.18,116.88,8533651.0,122.57,130.02,15.67,-3.5696,118.78,UP
124.2,124.65,120.17,122.14,1251972.0,121.95,129.79,34.66,-3.3297,116.88,UP
122.92,123.32,122.82,123.13,9148035.0,121.39,129.63,38.94,-3.0252,122.14,UP
124.93,125.68,121.46,123.5,4131171.0,121.02,129.41,39.7,-2.7226,123.13,DOWN
124.2,125.33,121.5,121.78,8473155.0,120.6,129.24,34.72,-2.5914,123.5,UP
125.15,125.78,123.16,123.18,5476820.0,120.6,129.03,40.14,-2.3474,121.78,DOWN
124.49,125.12,121.71,122.03,4243185.0,120.67,128.79,37.59,-2.2213,123.18,UP
,124.19,122.26,122.27,9602869.0,121.04,128.56,40.4,-2.0777,122.03,UP
127.51,128.4,126.58,127.39,6268212.0,122.11,128.45,52.39,-1.5331,122.27,DOWN
124.8,127.83,123.98,127.2,524363.0,122.95,128.32,57.48,-1.1043,127.39,UP
129.13,129.75,128.91,129.5,9283406.0,124.21,128.24,64.92,-0.5723,127.2,DOWN
126.83,128.91,126.81,128.09,2545990.0,124.81,128.09,68.14,-0.2613,129.5,DOWN
131.28,131.31,127.05,128.02,5678652.0,125.3,127.93,73.44,-0.0201,128.09,UP
131.3,132.02,130.0,131.57,1885049.0,126.1,127.83,74.92,0.4515,128.02,DOWN
130.5,131.01,129.65,130.31,6067248.0,126.96,127.73,76.85,0.7159,131.57,UP
134.76,134.96,133.38,133.94,1998447.0,128.03,127.7,75.23,1.204,130.31,UP
135.42,135.62,134.35,135.35,2045288.0,129.37,127.68,75.68,1.6857,133.94,DOWN
136.77,137.52,133.73,134.23,8682320.0,130.56,127.71,71.84,1.9541,135.35,UP
134.56,135.67,133.78,135.49,2095123.0,131.37,127.82,78.44,2.243,134.23,UP
137.73,139.28,136.68,137.44,,132.39,127.94,78.91,2.5989,135.49,UP
137.57,139.17,135.8,138.68,9339008.0,133.31,128.08,83.64,2.9474,137.44,DOWN
133.56,135.83,133.09,135.54,5764482.0,134.06,128.16,74.0,2.9363,138.68,DOWN
133.17,134.34,131.34,134.09,6630158.0,134.66,128.22,63.96,2.7782,135.54,DOWN
133.54,133.83,132.31,133.59,1891538.0,134.87,128.25,63.16,2.5831,134.09,DOWN
132.8,133.5,130.72,133.44,7719155.0,135.18,128.29,58.91,2.389,133.59,UP
133.65,135.16,133.56,134.68,7317281.0,135.25,128.4,65.0,2.3087,133.44,UP
132.93,135.91,132.78,135.04,7201810.0,135.22,128.5,65.76,2.2478,134.68,DOWN
132.24,133.02,131.92,132.37,4607560.0,135.04,128.59,51.88,1.9614,135.04,UP
130.87,134.33,129.83,133.13,7493018.0,134.8,128.68,56.74,1.7754,132.37,UP
135.49,136.53,133.18,134.35,671236.0,134.49,128.85,51.12,1.7068,133.13,UP
135.59,136.08,135.01,135.47,3510129.0,134.17,129.02,50.32,1.7229,134.35,UP
135.44,137.98,134.89,137.63,589743.0,134.38,129.2,58.85,1.8884,135.47,UP
138.84,140.07,138.52,139.3,7926187.0,134.9,129.41,59.7,2.1295,137.63,UP
139.09,141.51,138.2,140.22,4612924.0,135.56,129.6,57.47,2.3674,139.3,DOWN
140.56,141.01,139.9,140.08,2455206.0,136.23,129.72,53.99,2.5157,140.22,DOWN
138.77,138.95,135.45,136.76,1638422.0,136.43,129.73,53.44,2.3381,140.08,UP
134.8,138.21,134.22,137.61,1258795.0,136.69,129.83,60.33,2.2409,136.76,UP
138.2,138.76,137.62,138.03,8132738.0,137.26,129.99,63.05,2.1724,137.61,UP
138.33,138.99,138.08,138.57,2264688.0,137.8,130.19,64.75,2.1372,138.03,DOWN
137.03,137.95,135.78,136.02,3457817.0,137.97,130.33,53.57,1.8817,138.57,DOWN
134.18,134.21,133.85,133.86,739647.0,137.81,130.41,47.12,1.4875,136.02,UP
134.84,136.81,134.51,135.96,5014153.0,137.64,130.57,59.01,1.3298,133.86,DOWN
135.41,136.46,135.24,135.88,6598915.0,137.3,130.71,57.15,1.1847,135.96,UP
136.05,139.03,135.84,137.25,4272515.0,137.0,130.91,57.46,1.1663,135.88,UP
138.92,139.28,136.31,137.3,3442609.0,136.72,131.14,55.0,1.1431,137.25,UP
137.4,137.7,136.35,137.36,8658781.0,136.79,131.42,49.18,1.1166,137.3,UP
142.09,142.28,137.85,139.24,9313240.0,136.95,131.78,49.82,1.2329,137.36,DOWN
138.12,140.9,136.52,138.21,2072732.0,136.97,132.17,43.94,1.2276,139.24,UP
137.34,138.75,136.12,138.4,8516792.0,136.95,132.61,44.96,1.2248,138.21,DOWN
135.21,138.48,135.05,137.48,3240855.0,137.09,132.98,52.53,1.1348,138.4,DOWN
133.9,136.7,133.01,136.61,3840444.0,137.37,133.37,46.46,0.9821,137.48,DOWN
133.61,137.76,133.1,135.99,4250222.0,137.37,133.65,42.93,0.802,136.61,UP
136.83,136.91,136.4,136.43,1880188.0,137.43,133.92,42.54,0.6871,135.99,DOWN
136.24,137.07,133.51,135.48,8030577.0,137.25,134.16,47.86,0.5129,136.43,UP
135.61,138.9,134.96,137.99,3560465.0,137.32,134.48,65.77,0.571,135.48,DOWN
137.54,138.09,135.39,136.2,7223000.0,137.2,134.74,50.92,0.4672,137.99,DOWN
135.1,135.94,134.11,135.82,8270032.0,136.86,135.02,49.77,0.3508,136.2,DOWN
135.16,135.8,134.52,134.94,3318767.0,136.53,135.27,40.85,0.1854,135.82,UP
140.26,142.0,136.98,137.84,8364394.0,136.48,135.48,51.73,0.2845,134.94,UP
139.58,139.9,138.13,138.23,6364049.0,136.55,135.7,52.75,0.3904,137.84,UP
139.89,142.13,138.63,140.29,9458825.0,136.92,135.92,53.31,0.6334,138.23,DOWN
135.99,138.14,134.19,137.32,9011807.0,137.05,136.1,47.53,0.5797,140.29,UP
134.63,138.34,134.25,137.86,6031052.0,137.2,136.3,48.51,0.5735,137.32,UP
138.56,140.01,138.43,139.64,6821001.0,137.61,136.46,55.66,0.7041,137.86,UP
139.49,140.2,139.09,139.8,924190.0,137.8,136.65,58.69,0.8115,139.64,UP
140.45,143.86,139.27,141.93,7243571.0,138.37,136.81,64.95,1.0564,139.8,DOWN
140.7,141.18,140.3,140.9,3972696.0,138.88,136.92,60.9,1.1537,141.93,UP
143.83,144.68,143.45,143.72,2620677.0,139.75,137.11,68.45,1.4417,140.9,UP
147.98,148.36,147.93,148.31,3097979.0,140.8,137.37,,2.0176,143.72,DOWN
146.61,148.99,146.43,147.59,8024132.0,141.74,137.57,74.38,2.388,148.31,DOWN
146.95,147.0,146.03,146.7,8794919.0,142.38,137.73,72.77,2.5798,147.59,UP
150.27,151.97,148.43,149.6,2604417.0,143.61,138.01,78.3,2.9327,146.7,UP
151.13,154.01,149.95,152.76,9697803.0,145.1,138.38,78.52,3.4277,149.6,DOWN
153.83,153.9,151.23,151.72,5949604.0,146.3,138.75,75.14,3.693,152.76,DOWN
150.73,151.83,149.55,150.88,1398628.0,147.41,139.1,70.67,3.7918,151.72,DOWN
150.34,150.71,149.83,150.31,4261054.0,148.25,139.41,78.01,3.781,150.88,DOWN
148.69,150.39,147.42,147.63,2896716.0,148.92,139.66,69.27,3.5149,150.31,DOWN
146.14,147.06,145.26,145.79,9958242.0,149.13,139.93,62.11,3.1199,147.63,DOWN
145.21,146.77,142.74,143.78,9890283.0,148.68,140.14,57.3,2.6146,145.79,DOWN
142.67,142.95,140.82,142.24,2557244.0,148.14,140.3,50.58,2.0665,143.78,DOWN
141.26,142.42,140.29,142.17,3207929.0,147.69,140.43,52.48,1.6079,142.24,UP
143.19,143.49,142.25,142.64,4772513.0,146.99,140.53,47.7,1.2677,142.17,UP
,147.65,142.79,145.74,4428125.0,146.29,140.66,44.12,1.234,142.64,DOWN
143.91,145.54,143.37,143.75,4625186.0,145.49,140.73,41.69,1.0343,145.74,UP
145.67,147.93,144.7,145.72,3838669.0,144.98,140.85,47.97,1.0231,143.75,DOWN
144.98,145.45,144.67,145.29,9512760.0,144.48,141.02,40.06,0.9686,145.72,DOWN
145.0,145.48,144.38,145.19,8802258.0,144.23,141.17,29.69,0.9069,145.29,UP
143.72,148.06,143.01,146.54,8238667.0,144.31,141.34,36.34,0.9559,145.19,DOWN
143.47,145.77,142.49,144.29,4860866.0,144.36,141.45,33.83,0.8043,146.54,UP
145.2,146.37,143.69,145.06,2804310.0,144.64,141.63,37.22,0.7373,144.29,UP
145.63,145.85,143.78,145.39,1476264.0,144.96,141.86,43.86,0.703,145.06,UP
144.83,147.47,144.01,146.38,8823880.0,145.33,142.07,51.69,0.7467,145.39,UP
148.85,149.44,145.86,146.95,7799243.0,145.46,142.29,59.97,0.8185,146.38,UP
150.57,152.7,150.1,151.87,4428094.0,146.27,142.59,74.93,1.2572,146.95,DOWN
152.04,152.65,150.44,150.59,6295886.0,146.75,142.85,70.52,1.4849,151.87,DOWN
150.17,150.71,148.09,149.53,7031423.0,147.18,143.09,66.32,1.5616,150.59,DOWN
147.31,148.83,146.79,148.28,3290353.0,147.49,143.28,56.59,1.5044,149.53,DOWN
149.83,,146.68,147.17,5685356.0,147.55,143.45,59.32,1.3539,148.28,DOWN
144.11,147.0,142.81,145.9,2965849.0,147.71,143.6,50.51,1.1189,147.17,UP
149.65,149.87,147.17,148.27,3433865.0,148.03,143.82,57.61,1.1117,145.9,UP
152.62,153.83,150.75,151.11,7167051.0,148.6,144.11,63.25,1.32,148.27,DOWN
148.97,150.49,148.82,149.97,8087145.0,148.96,144.39,57.75,,151.11,DOWN
150.4,151.11,146.91,148.31,6530079.0,149.1,144.63,59.31,1.2734,149.97,UP
148.88,149.48,148.28,149.25,9470922.0,148.84,144.9,59.64,1.2528,148.31,DOWN
148.58,149.76,147.42,148.15,6647454.0,148.59,145.11,56.12,1.1343,149.25,UP
149.8,150.0,149.22,149.41,8407288.0,148.58,145.37,56.66,1.1295,148.15,UP
149.62,150.35,149.17,149.82,3005700.0,148.74,145.65,56.33,1.1452,149.41,DOWN
148.0,148.49,146.0,146.79,645693.0,148.7,145.89,37.76,0.9027,149.82,UP
151.07,152.17,149.87,149.88,2149734.0,149.1,146.13,48.43,0.9493,146.79,UP
150.85,154.16,150.64,153.47,9799397.0,149.62,146.43,57.86,1.2615,149.88,DOWN
154.2,154.61,151.88,152.25,1385621.0,149.73,146.67,57.91,1.3939,153.47,DOWN
148.98,151.78,148.25,151.47,1061548.0,149.88,146.96,58.7,1.42,152.25,UP
153.59,154.43,151.72,152.04,8563001.0,150.25,147.24,62.79,1.4698,151.47,UP
154.4,155.29,151.06,152.71,9593432.0,150.6,147.5,59.94,1.5454,152.04,UP
152.39,154.57,152.25,154.03,4879845.0,151.19,147.79,57.01,1.6922,152.71,UP
157.43,159.28,156.44,158.05,7650265.0,152.05,148.11,67.06,2.1086,154.03,DOWN
156.04,158.33,154.65,157.7,2203728.0,152.84,148.44,70.98,2.3825,158.05,DOWN
155.78,156.56,155.62,156.1,5262315.0,153.77,148.69,64.87,2.4427,157.7,DOWN
152.88,155.43,151.78,153.34,3877136.0,154.12,148.79,60.53,2.2419,156.1,DOWN
153.05,153.63,150.4,151.88,968451.0,153.96,148.88,54.96,1.9424,153.34,DOWN
153.78,153.81,151.07,151.81,5277830.0,153.91,148.98,54.07,1.6803,151.88,UP
157.5,158.41,154.21,155.4,759425.0,154.31,149.1,67.17,1.7422,151.81,DOWN
153.52,155.3,152.57,154.37,9399217.0,154.54,149.13,59.74,1.6882,155.4,UP
154.5,155.48,154.26,154.82,8104323.0,154.75,149.19,53.37,1.6624,154.37,DOWN
152.26,155.07,150.72,154.78,6759635.0,154.83,149.27,56.78,1.6206,154.82,UP
155.95,157.35,155.75,157.16,4994893.0,154.74,149.4,64.01,1.759,154.78,UP
163.66,165.9,161.91,162.21,9519066.0,155.19,149.7,70.52,2.2505,157.16,DOWN
163.57,165.7,160.98,161.15,2468093.0,155.69,150.0,66.76,2.5253,162.21,DOWN
158.32,160.78,156.48,160.17,2944913.0,156.38,150.33,62.37,2.6337,161.15,UP
161.37,162.72,160.48,162.26,7004938.0,157.41,150.73,59.19,2.8552,160.17,UP
163.58,166.37,163.52,163.62,7631390.0,158.59,151.16,62.39,3.105,162.26,UP
167.74,168.24,166.78,167.32,4287132.0,159.79,151.65,71.57,3.5599,163.62,UP
167.27,169.01,165.08,168.49,4309821.0,161.2,152.11,81.01,3.969,167.32,DOWN
168.4,169.79,167.6,167.77,9684519.0,162.49,152.59,83.55,4.1869,168.49,UP
168.24,169.33,168.09,168.95,9317518.0,163.91,153.05,84.56,4.4042,167.77,UP
171.14,171.55,170.29,171.17,4537746.0,165.31,153.57,83.66,4.7011,168.95,UP
173.63,173.77,172.11,172.81,581171.0,166.37,154.12,88.38,5.011,171.17,UP
173.83,175.96,173.24,173.82,2683448.0,167.64,154.67,88.65,5.2777,172.81,UP
175.3,176.72,174.5,175.95,1689138.0,169.22,155.3,89.66,5.5967,173.82,UP
178.13,178.51,176.22,178.29,2749476.0,170.82,155.97,89.65,5.9693,175.95,UP
180.93,181.57,180.53,181.06,3259374.0,172.56,156.68,88.67,6.4138,178.29,UP
181.8,186.28,180.8,182.36,3963894.0,174.07,157.4,93.1,6.7925,181.06,DOWN
181.63,184.1,180.24,182.02,1283258.0,175.42,158.1,95.6,6.985,182.36,UP
184.71,186.44,181.6,182.31,2396999.0,176.87,158.71,95.25,7.0797,182.02,UP
185.57,185.86,184.3,184.73,3352889.0,178.45,159.39,95.46,7.2657,182.31,DOWN
182.65,183.38,182.27,183.09,7797050.0,179.64,160.07,87.3,7.1983,184.73,UP
184.88,184.92,183.27,183.83,7871858.0,180.75,160.78,87.03,7.1223,183.09,DOWN
182.54,183.47,182.41,183.04,2261201.0,181.67,161.49,86.75,6.9188,183.83,UP
184.86,185.43,181.43,183.1,2837180.0,182.38,162.24,85.99,6.6851,183.04,UP
186.21,186.54,184.72,185.66,3985862.0,183.12,162.99,86.23,6.6298,183.1,UP
185.88,187.56,184.26,186.04,1900507.0,183.62,163.68,85.3,6.5414,185.66,UP
186.81,187.56,185.81,186.13,4735040.0,184.0,164.41,84.54,6.405,186.04,DOWN
181.06,183.83,179.73,183.41,6029554.0,184.14,165.11,70.26,6.0082,186.13,UP
183.22,186.04,181.81,184.91,,184.39,165.82,68.83,5.7479,183.41,UP
184.41,186.65,183.82,186.2,8176431.0,184.54,166.58,65.97,5.5815,184.91,UP
190.74,192.0,189.79,190.52,3257398.0,185.28,167.41,71.36,5.7326,186.2,DOWN
192.51,193.04,188.49,189.91,888742.0,185.89,168.21,70.33,5.7365,190.52,UP
193.69,194.05,190.13,190.35,9531519.0,186.62,169.08,70.55,5.7092,189.91,UP
191.8,192.53,189.84,190.85,1176935.0,187.4,169.9,67.35,5.6626,190.35,UP
194.75,195.51,193.16,194.0,8293604.0,188.23,170.71,78.48,5.8131,190.85,DOWN
191.11,194.5,189.61,193.81,901072.0,189.01,171.54,76.82,5.8497,194.0,UP
193.55,196.22,193.46,194.37,7222841.0,189.83,172.4,80.81,5.8561,193.81,UP
194.4,195.76,194.31,195.58,2595637.0,191.05,173.27,81.95,5.8915,194.37,UP
195.03,196.63,194.48,195.96,3288302.0,192.15,174.13,79.68,5.8818,195.58,DOWN
194.81,195.16,193.86,195.06,8343227.0,193.04,174.95,75.26,5.7359,195.96,UP
194.74,196.75,194.68,195.45,6081472.0,193.53,175.7,75.66,5.5872,195.06,UP
194.63,198.32,192.77,197.6,9844618.0,194.3,176.5,90.34,5.5784,195.45,DOWN
196.67,197.41,195.32,195.55,9631872.0,194.82,177.29,79.32,5.3441,197.6,UP
194.2,196.01,193.86,195.81,8769841.0,195.32,178.14,78.08,5.1208,195.55,DOWN
194.77,194.83,192.8,194.41,5359633.0,195.36,178.99,63.7,4.7759,195.81,UP
199.91,200.0,196.54,196.8,4968852.0,195.66,179.89,71.59,4.6418,194.41,DOWN
192.38,194.01,192.04,193.76,8242237.0,195.6,180.66,59.18,4.2409,196.8,DOWN
188.84,192.75,187.88,192.64,7249977.0,195.3,181.42,54.67,3.7893,193.76,UP
192.96,193.61,192.5,193.39,919503.0,195.05,182.19,48.19,3.4525,192.64,UP
198.17,199.75,195.34,196.52,6988000.0,195.19,183.03,56.88,3.399,193.39,DOWN
199.33,200.31,196.22,196.39,8086544.0,195.29,183.81,55.24,3.3079,196.52,DOWN
193.44,196.15,192.77,195.28,8818849.0,195.06,184.47,49.21,3.1102,196.39,UP
199.79,200.24,197.52,199.04,8108965.0,195.41,185.23,56.83,3.22,195.28,DOWN
195.45,197.04,194.56,196.15,658253.0,195.44,185.95,52.2,3.0383,199.04,DOWN
191.59,192.71,190.83,191.75,9558353.0,195.17,186.54,43.53,2.5106,196.15,UP
196.6,197.47,192.57,192.63,8709061.0,194.76,187.12,40.91,2.1387,191.75,DOWN
189.37,193.1,188.98,191.63,3711369.0,194.54,187.61,42.54,1.7428,192.63,DOWN
189.96,190.57,188.33,189.58,2159537.0,194.24,188.03,38.9,1.2499,191.63,UP
191.7,191.93,189.67,191.0,1779898.0,194.0,188.49,43.93,0.9624,189.58,UP
193.12,194.76,191.14,191.49,2864840.0,193.49,188.94,39.85,0.7652,191.0,DOWN
190.51,190.9,189.59,190.36,1271143.0,192.89,189.33,43.0,0.5119,191.49,DOWN
188.26,189.26,187.42,187.8,7197947.0,192.14,189.63,40.59,0.1034,190.36,UP
188.96,190.01,187.73,189.54,4406377.0,191.19,189.94,42.79,-0.0787,187.8,UP
191.25,191.89,190.25,190.84,1961433.0,190.66,190.24,38.58,-0.1167,189.54,DOWN
190.13,190.84,187.74,190.65,3848549.0,190.55,190.49,38.48,-0.1609,190.84,UP
195.27,195.6,193.93,194.34,8253638.0,190.72,190.75,48.29,0.1008,190.65,DOWN
191.64,193.35,190.73,192.2,6080427.0,190.78,190.95,36.78,0.134,194.34,DOWN
189.71,189.8,188.61,189.15,2076845.0,190.74,191.09,36.56,-0.0848,192.2,DOWN
187.72,190.76,187.29,187.76,1488722.0,190.41,191.2,41.35,-0.3658,189.15,DOWN
189.36,189.55,187.39,187.67,2537398.0,190.03,191.26,38.86,-0.589,187.76,UP
188.08,189.79,186.8,188.16,4027110.0,189.81,191.36,42.02,-0.7183,187.67,DOWN
185.02,188.88,184.5,187.68,4789639.0,189.8,191.44,45.27,-0.8499,188.16,UP
190.27,191.05,187.55,188.38,6898897.0,189.68,191.55,43.27,-0.8872,187.68,DOWN
184.52,186.34,182.34,185.88,1565560.0,189.19,191.6,36.94,-1.106,188.38,UP
187.79,190.29,187.21,188.77,8489900.0,189.0,191.66,46.57,-1.0344,185.88,DOWN
187.71,189.55,187.13,188.6,7689204.0,188.42,191.71,51.93,-0.9797,188.77,UP
192.9,194.65,190.22,190.84,7207432.0,188.29,191.81,53.03,-0.7474,188.6,UP
188.32,192.45,188.23,191.52,8849065.0,188.53,191.97,51.64,-0.5022,190.84,UP
197.14,197.38,192.2,192.44,3254036.0,188.99,192.12,54.18,-0.2315,191.52,UP
195.16,196.29,192.46,193.57,7434198.0,189.58,192.27,47.97,0.0742,192.44,UP
194.8,195.91,194.28,194.47,7889434.0,190.21,192.35,56.44,0.3842,193.57,UP
195.67,196.58,194.94,195.76,591656.0,191.02,192.46,70.83,0.7253,194.47,UP
198.84,199.45,196.52,198.41,2662766.0,192.03,192.63,81.08,1.1963,195.76,UP
199.59,200.12,198.76,198.81,853153.0,193.32,192.78,81.93,1.583,198.41,UP
201.19,202.25,199.46,200.22,7224504.0,194.46,192.91,82.85,1.9811,198.81,DOWN
200.88,202.1,199.44,200.05,3953708.0,195.61,193.03,84.24,2.2561,200.22,UP
203.06,,202.56,202.93,4601153.0,196.82,193.21,85.93,2.6756,200.05,DOWN
201.28,201.93,200.97,201.57,1487938.0,197.82,193.33,91.11,2.8659,202.93,UP
204.95,205.75,203.06,205.17,7574533.0,199.1,193.51,91.43,3.2696,201.57,DOWN
204.8,206.91,202.79,205.09,9870622.0,200.25,193.71,91.82,3.5423,205.17,DOWN
203.93,204.2,200.94,202.23,4301065.0,201.02,193.85,78.01,3.4873,205.09,UP
203.38,205.29,202.09,202.49,1362839.0,201.7,193.94,77.53,3.4248,202.23,DOWN
196.72,201.2,195.61,201.13,1564367.0,201.97,194.06,71.34,3.2283,202.49,UP
203.79,205.16,202.46,202.81,9995231.0,202.37,194.2,72.08,3.1716,201.13,DOWN
201.8,203.78,201.42,201.5,734898.0,202.5,194.34,66.5,2.9869,202.81,DOWN
200.58,201.52,200.23,200.61,961122.0,202.55,194.41,61.6,2.737,201.5,DOWN
196.25,196.94,196.06,196.83,1175025.0,201.94,194.47,46.41,2.2085,200.61,DOWN
197.61,198.88,195.42,195.93,4764550.0,201.38,194.54,43.62,1.6971,196.83,DOWN
192.5,193.35,189.63,191.08,8036968.0,199.97,194.49,32.4,0.8904,195.93,DOWN
186.75,188.45,186.18,187.91,5977835.0,198.25,194.32,29.06,-0.0044,191.08,UP
190.04,190.24,188.38,189.43,2105752.0,196.97,194.18,25.57,-0.5842,187.91,UP
189.55,191.27,188.18,191.0,1307040.0,195.82,194.1,31.01,-0.9064,189.43,UP
189.79,193.13,188.14,191.85,7134586.0,194.9,193.95,23.45,-1.0806,191.0,DOWN
188.98,190.65,185.83,189.92,4632443.0,193.61,193.83,21.83,-1.359,191.85,DOWN
191.12,191.41,188.7,189.83,5732190.0,192.44,193.79,24.33,-1.5693,189.92,DOWN
191.25,192.9,189.58,189.82,8420337.0,191.36,193.73,23.51,-1.7168,189.83,DOWN
188.27,189.23,185.42,187.5,2654828.0,190.43,193.65,22.61,-1.9976,189.82,UP
191.6,191.72,189.95,190.51,6278728.0,189.89,193.67,26.53,-1.9549,187.5,UP
193.04,193.13,191.71,192.26,5793348.0,190.0,193.7,32.66,-1.7592,190.51,DOWN
190.86,192.95,188.94,191.82,9921996.0,190.39,193.7,33.23,-1.6211,192.26,UP
192.52,194.93,191.1,191.87,3284975.0,190.64,193.73,38.97,-1.4902,191.82,UP
193.49,195.01,190.6,192.29,8871223.0,190.77,193.82,41.73,-1.3373,191.87,DOWN
189.34,189.94,187.74,188.21,9340597.0,190.4,193.8,43.24,-1.5281,192.29,DOWN
189.5,189.57,185.74,187.71,9708163.0,190.18,193.73,49.47,-1.6996,188.21,DOWN
187.41,187.62,185.6,186.35,5359382.0,189.83,193.65,41.62,-1.9234,187.71,DOWN
184.87,185.83,182.28,184.35,5412301.0,189.29,193.45,32.32,-2.2366,186.35,DOWN
185.39,185.47,183.76,183.78,8626492.0,188.92,193.28,28.23,-2.5014,184.35,UP
187.34,187.64,185.26,187.38,3577026.0,188.6,193.24,43.71,-2.3935,183.78,UP
187.34,189.9,187.02,188.66,648469.0,188.24,193.26,47.28,-2.1794,187.38,DOWN
187.27,187.85,185.63,187.52,4670555.0,187.81,193.26,44.89,-2.078,188.66,DOWN
